species,x,y
agaros,-1.2086,44.8725
agaros,-1.12527,44.8725
agaros,-1.2086,44.7891
agaros,6.70807,43.4558
agaros,6.7914,43.4558
agaros,6.70807,43.3725
agaros,7.0414,43.6225
acrcri,-3.87527,43.3725
acrcri,-9.37527,38.7058
acrcri,-9.29193,38.7058
acrcri,-9.2086,38.7058
acrcri,-9.04193,38.7058
acrcri,-8.9586,38.7058
acrcri,-9.2086,38.6225
acrcri,-9.12527,38.6225
acrcri,-9.04193,38.6225
acrcri,-8.9586,38.6225
acrcri,-8.87527,38.5391
acrcri,-9.12527,38.4558
acrcri,-7.9586,38.4558
acrtri,-8.79193,42.7058
acrtri,-8.7086,42.7058
acrtri,-1.7086,42.7058
acrtri,-8.7086,42.6225
acrtri,-8.54193,42.2058
acrtri,-8.79193,41.7058
acrtri,2.12473,41.5391
acrtri,2.20807,41.5391
acrtri,1.95807,41.2891
acrtri,2.0414,41.2891
acrtri,3.0414,39.6225
acrtri,3.20807,39.5391
acrtri,2.87473,39.4558
acrtri,-9.4586,38.7058
acrtri,-9.37527,38.7058
acrtri,-9.2086,38.7058
acrtri,-9.04193,38.7058
acrtri,-9.12527,38.6225
acrtri,-9.04193,38.6225
acrtri,-9.04193,38.5391
acrtri,-6.2086,37.3725
acrtri,-6.54193,37.1225
acrtri,-4.87527,36.6225
acrtri,-4.87527,36.5391
agafis,-1.2086,44.7891
agafis,7.37473,43.7891
agafis,7.2914,43.7058
agafis,7.0414,43.6225
agafis,12.2081,43.4558
agafis,12.2914,43.4558
agaper,-1.2086,44.8725
agaper,-1.12527,44.8725
agaper,-1.2086,44.7891
agaper,7.20807,43.7058
agaper,7.2914,43.7058
agaper,5.37473,43.3725
agaper,5.45807,43.3725
agaper,5.37473,43.2891
agaper,5.45807,43.2891
amaama,12.4581,44.9558
amaama,10.3747,43.8725
amaama,10.3747,43.7891
amaama,10.6247,43.7891
amaama,10.7914,43.7891
amaama,-2.9586,43.2891
amaama,3.12473,42.2891
amaama,2.7914,41.9558
amaama,2.70807,41.7891
amaama,2.7914,41.7058
amaama,2.2914,41.6225
amaama,2.37473,41.6225
amaama,0.624734,41.5391
amaama,2.2914,41.5391
amaama,2.37473,41.5391
amaama,2.20807,41.4558
amaama,1.95807,41.3725
amaama,2.0414,41.3725
amaama,2.12473,41.3725
amaama,2.0414,41.2891
amaama,-3.79193,41.2058
amaama,-3.7086,41.2058
amaama,-3.54193,40.4558
amaama,-3.4586,40.4558
amaama,-3.9586,40.3725
amaama,-3.54193,40.3725
amaama,-3.4586,40.3725
amaama,-3.54193,40.2891
amaama,-3.4586,40.2891
amaama,-3.62527,40.2058
amaama,-3.54193,40.2058
amaama,-6.62527,40.1225
amaama,-3.62527,40.1225
amaama,-3.54193,40.1225
amaama,-3.4586,40.1225
amaama,-6.7086,40.0391
amaama,-6.62527,40.0391
amaama,-6.37527,40.0391
amaama,-6.29193,40.0391
amaama,-6.2086,40.0391
amaama,-3.7086,40.0391
amaama,-3.62527,40.0391
amaama,-6.4586,39.9558
amaama,-6.37527,39.9558
amaama,-6.29193,39.9558
amaama,-6.2086,39.9558
amaama,-5.79193,39.9558
amaama,-5.7086,39.9558
amaama,-4.87527,39.9558
amaama,-4.79193,39.9558
amaama,-3.79193,39.9558
amaama,-3.7086,39.9558
amaama,-3.62527,39.9558
amaama,-7.12527,39.8725
amaama,-6.37527,39.8725
amaama,-5.7086,39.8725
amaama,-5.62527,39.8725
amaama,-5.54193,39.8725
amaama,-5.7086,39.7891
amaama,-5.12527,39.7891
amaama,-5.04193,39.7891
amaama,-4.9586,39.7891
amaama,-4.2086,39.7891
amaama,3.12473,39.7891
amaama,-0.291933,39.7058
amaama,-0.541933,39.5391
amaama,-0.458599,39.5391
amaama,-0.375266,39.5391
amaama,-6.37527,39.4558
amaama,-8.54193,39.3725
amaama,-6.37527,39.3725
amaama,-5.87527,39.3725
amaama,-5.7086,39.3725
amaama,-5.7086,39.2058
amaama,-5.62527,39.2058
amaama,-5.4586,39.2058
amaama,-8.62527,39.1225
amaama,-8.4586,39.1225
amaama,-7.04193,39.1225
amaama,-6.04193,39.1225
amaama,-5.87527,39.1225
amaama,-5.79193,39.1225
amaama,-5.7086,39.1225
amaama,-5.62527,39.1225
amaama,-5.54193,39.1225
amaama,-5.4586,39.1225
amaama,-5.12527,39.1225
amaama,-8.7086,39.0391
amaama,-6.87527,39.0391
amaama,-6.04193,39.0391
amaama,-5.9586,39.0391
amaama,-5.79193,39.0391
amaama,-5.7086,39.0391
amaama,-5.62527,39.0391
amaama,-8.9586,38.9558
amaama,-8.54193,38.9558
amaama,-8.37527,38.9558
amaama,-7.04193,38.9558
amaama,-6.9586,38.9558
amaama,-6.87527,38.9558
amaama,-6.54193,38.9558
amaama,-6.4586,38.9558
amaama,-6.37527,38.9558
amaama,-6.29193,38.9558
amaama,-6.12527,38.9558
amaama,-6.04193,38.9558
amaama,-5.9586,38.9558
amaama,-5.87527,38.9558
amaama,-5.7086,38.9558
amaama,-5.62527,38.9558
amaama,-5.4586,38.9558
amaama,-8.9586,38.8725
amaama,-8.87527,38.8725
amaama,-8.79193,38.8725
amaama,-7.12527,38.8725
amaama,-7.04193,38.8725
amaama,-6.9586,38.8725
amaama,-6.87527,38.8725
amaama,-6.79193,38.8725
amaama,-6.7086,38.8725
amaama,-6.62527,38.8725
amaama,-6.37527,38.8725
amaama,-6.29193,38.8725
amaama,-6.2086,38.8725
amaama,-8.54193,38.7891
amaama,-7.2086,38.7891
amaama,-7.12527,38.7891
amaama,-6.29193,38.7891
amaama,-6.2086,38.7891
amaama,-5.4586,38.7891
amaama,-8.9586,38.7058
amaama,-8.87527,38.7058
amaama,-6.62527,38.7058
amaama,-6.12527,38.7058
amaama,-9.2086,38.6225
amaama,-8.7086,38.6225
amaama,-7.4586,38.6225
amaama,-7.37527,38.6225
amaama,-8.7086,38.4558
amaama,-8.54193,38.4558
amaama,-7.79193,38.4558
amaama,-7.7086,38.4558
amaama,-8.54193,38.3725
amaama,-8.4586,38.3725
amaama,-6.62527,38.3725
amaama,-6.54193,38.3725
amaama,-8.37527,38.2891
amaama,-8.2086,38.2891
amaama,-6.79193,38.2891
amaama,-8.29193,38.2058
amaama,-8.04193,38.2058
amaama,-6.79193,38.2058
amaama,-0.625266,38.2058
amaama,-8.79193,38.1225
amaama,-8.2086,38.1225
amaama,-8.04193,38.1225
amaama,-0.791933,38.1225
amaama,-6.79193,38.0391
amaama,-0.791933,37.8725
amaama,-5.54193,37.7058
amaama,-5.4586,37.7058
amaama,-8.7086,37.6225
amaama,-5.79193,37.6225
amaama,-5.7086,37.6225
amaama,-7.4586,37.5391
amaama,-7.29193,37.5391
amaama,-7.2086,37.5391
amaama,-6.2086,37.5391
amaama,-6.12527,37.5391
amaama,-6.04193,37.5391
amaama,-5.9586,37.5391
amaama,-5.9586,37.3725
amaama,-6.04193,37.2891
amaama,-5.9586,37.2891
amaama,-6.04193,37.2058
amaama,-3.62527,37.2058
amaama,-6.4586,37.1225
amaama,-6.2086,37.1225
amaama,-6.12527,37.1225
amaama,-6.04193,37.1225
amaama,-5.79193,37.1225
amaama,-3.54193,37.1225
amaama,-6.37527,37.0391
amaama,-5.79193,37.0391
amaama,-3.7086,37.0391
amaama,-3.62527,37.0391
amaama,-4.87527,36.8725
amaama,-4.79193,36.8725
amaama,-4.7086,36.7891
amaama,-4.4586,36.7891
amaama,-4.37527,36.7891
amaama,-4.12527,36.7891
amaama,-4.04193,36.7891
amaama,-3.54193,36.7891
amaama,-3.04193,36.7891
amaama,-4.54193,36.7058
amaama,-4.4586,36.7058
amaama,-3.4586,36.7058
amaama,-4.54193,36.6225
amaama,-4.62527,36.5391
amaama,-5.9586,36.2891
amaama,-5.37527,36.2058
amaama,-5.7086,36.1225
amaama,-5.62527,36.1225
amaama,-5.4586,36.1225
araacu,-0.0419328,51.4558
araacu,-0.0419328,51.3725
araacu,-0.125266,51.2891
araacu,2.70807,41.8725
araacu,2.95807,41.7891
araacu,2.20807,41.6225
araacu,1.95807,41.5391
araacu,2.12473,41.5391
araacu,2.20807,41.5391
araacu,1.95807,41.4558
araacu,2.12473,41.4558
araacu,2.20807,41.4558
araacu,1.7914,41.3725
araacu,1.87473,41.3725
araacu,2.0414,41.3725
araacu,2.12473,41.3725
araacu,1.95807,41.2891
araacu,2.0414,41.2891
araacu,0.791401,40.7058
araacu,-3.9586,40.3725
araacu,-3.87527,40.3725
araacu,-3.79193,40.3725
araacu,-3.62527,40.3725
araacu,-3.79193,40.2891
araacu,-3.7086,40.2891
araacu,-9.2086,38.7891
araacu,-9.12527,38.7891
araacu,-9.37527,38.7058
araacu,-9.29193,38.7058
araacu,-9.2086,38.7058
araacu,-7.9586,38.5391
araacu,-1.37527,38.4558
araacu,-1.29193,38.4558
araacu,-1.37527,38.3725
araacu,-1.29193,38.3725
araacu,-0.958599,38.2891
araacu,-0.958599,38.2058
araacu,-1.12527,37.9558
araacu,-6.2086,37.3725
araacu,-5.9586,37.3725
araacu,-4.54193,36.6225
chrpic,-2.37527,57.4558
chrpic,-2.2086,57.2058
chrpic,-3.37527,56.0391
chrpic,-3.62527,55.8725
chrpic,-2.9586,54.8725
chrpic,-1.4586,54.0391
chrpic,-2.9586,53.7891
chrpic,-2.29193,53.7058
chrpic,-1.79193,53.5391
chrpic,-2.2086,53.3725
chrpic,-2.04193,53.3725
chrpic,-2.54193,53.1225
chrpic,-4.04193,52.9558
chrpic,0.541401,52.9558
chrpic,0.624734,52.9558
chrpic,0.874734,52.9558
chrpic,0.958067,52.9558
chrpic,1.0414,52.9558
chrpic,0.541401,52.8725
chrpic,0.624734,52.8725
chrpic,0.708067,52.8725
chrpic,0.791401,52.8725
chrpic,0.874734,52.8725
chrpic,1.20807,52.8725
chrpic,-2.9586,52.7891
chrpic,0.374734,52.7891
chrpic,0.458067,52.7891
chrpic,1.5414,52.7891
chrpic,0.624734,52.7058
chrpic,1.20807,52.7058
chrpic,1.45807,52.7058
chrpic,-2.9586,52.6225
chrpic,0.458067,52.6225
chrpic,0.541401,52.6225
chrpic,0.624734,52.6225
chrpic,0.874734,52.6225
chrpic,1.0414,52.6225
chrpic,1.2914,52.6225
chrpic,0.291401,52.5391
chrpic,0.708067,52.5391
chrpic,0.791401,52.5391
chrpic,0.874734,52.5391
chrpic,-1.2086,52.4558
chrpic,0.541401,52.4558
chrpic,0.624734,52.4558
chrpic,0.708067,52.4558
chrpic,0.791401,52.4558
chrpic,0.874734,52.4558
chrpic,1.5414,52.4558
chrpic,1.62473,52.4558
chrpic,-3.79193,52.3725
chrpic,0.541401,52.3725
chrpic,0.624734,52.3725
chrpic,0.708067,52.3725
chrpic,0.791401,52.3725
chrpic,0.874734,52.3725
chrpic,0.291401,52.2891
chrpic,0.624734,52.2891
chrpic,0.708067,52.2891
chrpic,0.791401,52.2891
chrpic,1.62473,52.2891
chrpic,0.124734,52.2058
chrpic,1.2914,52.2058
chrpic,1.12473,52.1225
chrpic,1.5414,52.1225
chrpic,-4.37527,52.0391
chrpic,-4.29193,52.0391
chrpic,0.958067,52.0391
chrpic,1.12473,52.0391
chrpic,1.20807,52.0391
chrpic,-0.708599,51.9558
chrpic,-4.7086,51.7058
chrpic,-3.9586,51.7058
chrpic,-3.37527,51.7058
chrpic,-3.9586,51.6225
chrpic,-3.7086,51.6225
chrpic,-3.62527,51.6225
chrpic,-3.37527,51.6225
chrpic,-3.29193,51.6225
chrpic,-2.37527,51.6225
chrpic,-0.458599,51.6225
chrpic,-0.291933,51.4558
chrpic,-1.04193,51.2891
chrpic,-0.791933,50.9558
chrpic,-1.62527,50.8725
chrpic,-0.875266,50.8725
chrpic,0.0414006,50.8725
chrpic,-0.791933,50.7891
chrpic,-3.79193,50.2891
estast,-8.4586,43.2891
estast,-8.87527,43.2058
estast,-9.04193,43.1225
estast,-8.9586,42.8725
estast,-8.9586,42.7891
estast,-8.87527,42.7891
estast,-8.7086,42.7891
estast,-8.79193,42.7058
estast,-8.7086,42.7058
estast,-9.04193,42.6225
estast,-8.9586,42.6225
estast,-8.7086,42.6225
estast,-8.4586,42.6225
estast,-7.62527,42.5391
estast,-8.79193,42.4558
estast,-8.62527,42.4558
estast,-8.7086,42.3725
estast,-8.54193,42.3725
estast,-8.79193,42.2891
estast,-8.7086,42.2891
estast,-8.62527,42.2891
estast,-8.54193,42.2891
estast,-8.12527,42.2891
estast,-8.7086,42.2058
estast,-8.62527,42.2058
estast,-8.54193,42.2058
estast,-8.4586,42.2058
estast,-8.29193,42.2058
estast,-8.79193,42.1225
estast,-8.7086,42.1225
estast,-8.54193,42.1225
estast,-8.4586,42.1225
estast,-8.29193,42.1225
estast,-8.2086,42.1225
estast,-8.79193,42.0391
estast,-8.7086,42.0391
estast,-8.62527,42.0391
estast,-8.54193,42.0391
estast,-8.4586,42.0391
estast,-8.37527,42.0391
estast,2.62473,42.0391
estast,3.0414,42.0391
estast,-8.79193,41.9558
estast,-8.7086,41.9558
estast,1.87473,41.9558
estast,1.95807,41.9558
estast,2.7914,41.9558
estast,-8.79193,41.8725
estast,-8.62527,41.8725
estast,2.87473,41.8725
estast,-8.79193,41.7891
estast,-8.7086,41.7891
estast,-8.62527,41.7891
estast,-8.54193,41.7891
estast,-8.4586,41.7891
estast,-7.4586,41.7891
estast,0.791401,41.7891
estast,2.70807,41.7891
estast,2.95807,41.7891
estast,-8.79193,41.7058
estast,-8.7086,41.7058
estast,-8.62527,41.7058
estast,-8.54193,41.7058
estast,-8.4586,41.7058
estast,-8.37527,41.7058
estast,0.708067,41.7058
estast,1.87473,41.7058
estast,2.0414,41.7058
estast,2.20807,41.7058
estast,2.2914,41.7058
estast,2.5414,41.7058
estast,2.62473,41.7058
estast,2.70807,41.7058
estast,2.7914,41.7058
estast,2.87473,41.7058
estast,-8.79193,41.6225
estast,-8.7086,41.6225
estast,-8.62527,41.6225
estast,-8.4586,41.6225
estast,-8.29193,41.6225
estast,-8.2086,41.6225
estast,-8.12527,41.6225
estast,1.87473,41.6225
estast,1.95807,41.6225
estast,2.0414,41.6225
estast,2.12473,41.6225
estast,2.20807,41.6225
estast,2.2914,41.6225
estast,2.37473,41.6225
estast,2.45807,41.6225
estast,2.5414,41.6225
estast,-8.7086,41.5391
estast,-8.62527,41.5391
estast,-8.54193,41.5391
estast,-8.4586,41.5391
estast,-8.37527,41.5391
estast,-8.29193,41.5391
estast,-8.12527,41.5391
estast,-7.9586,41.5391
estast,-7.2086,41.5391
estast,1.87473,41.5391
estast,1.95807,41.5391
estast,2.0414,41.5391
estast,2.12473,41.5391
estast,2.20807,41.5391
estast,2.2914,41.5391
estast,2.37473,41.5391
estast,-8.7086,41.4558
estast,-8.54193,41.4558
estast,-8.29193,41.4558
estast,-8.12527,41.4558
estast,-7.87527,41.4558
estast,-7.2086,41.4558
estast,-7.12527,41.4558
estast,0.291401,41.4558
estast,0.374734,41.4558
estast,0.458067,41.4558
estast,1.95807,41.4558
estast,2.0414,41.4558
estast,2.12473,41.4558
estast,2.20807,41.4558
estast,-8.7086,41.3725
estast,-8.62527,41.3725
estast,-8.54193,41.3725
estast,-8.4586,41.3725
estast,-8.2086,41.3725
estast,-7.9586,41.3725
estast,-7.7086,41.3725
estast,-7.62527,41.3725
estast,-7.04193,41.3725
estast,-6.9586,41.3725
estast,-6.87527,41.3725
estast,0.208067,41.3725
estast,1.95807,41.3725
estast,2.0414,41.3725
estast,2.12473,41.3725
estast,-8.7086,41.2891
estast,-8.62527,41.2891
estast,-8.4586,41.2891
estast,-8.37527,41.2891
estast,-8.29193,41.2891
estast,-7.79193,41.2891
estast,-7.7086,41.2891
estast,-7.62527,41.2891
estast,-7.54193,41.2891
estast,-7.37527,41.2891
estast,-7.12527,41.2891
estast,1.87473,41.2891
estast,1.95807,41.2891
estast,2.0414,41.2891
estast,-8.7086,41.2058
estast,-8.62527,41.2058
estast,-8.54193,41.2058
estast,-8.2086,41.2058
estast,-8.12527,41.2058
estast,-7.79193,41.2058
estast,-7.7086,41.2058
estast,-7.54193,41.2058
estast,-7.37527,41.2058
estast,-7.12527,41.2058
estast,-7.04193,41.2058
estast,-6.9586,41.2058
estast,1.37473,41.2058
estast,1.5414,41.2058
estast,-8.62527,41.1225
estast,-8.54193,41.1225
estast,-8.37527,41.1225
estast,-8.29193,41.1225
estast,-7.87527,41.1225
estast,-7.79193,41.1225
estast,-7.7086,41.1225
estast,-7.62527,41.1225
estast,-7.54193,41.1225
estast,-7.37527,41.1225
estast,-7.2086,41.1225
estast,-7.12527,41.1225
estast,-6.9586,41.1225
estast,1.20807,41.1225
estast,-7.79193,41.0391
estast,-7.12527,41.0391
estast,-7.04193,41.0391
estast,-6.9586,41.0391
estast,-6.87527,41.0391
estast,-8.62527,40.9558
estast,-8.29193,40.9558
estast,-8.62527,40.8725
estast,-8.4586,40.8725
estast,-8.04193,40.8725
estast,-8.62527,40.7891
estast,-8.54193,40.7891
estast,-8.4586,40.7891
estast,-8.12527,40.7891
estast,-7.79193,40.7891
estast,-8.62527,40.7058
estast,-8.54193,40.7058
estast,-8.12527,40.7058
estast,-8.7086,40.6225
estast,-8.62527,40.6225
estast,-8.54193,40.6225
estast,-8.12527,40.6225
estast,-8.04193,40.6225
estast,-7.9586,40.6225
estast,-7.87527,40.6225
estast,-7.79193,40.6225
estast,-7.7086,40.6225
estast,-7.54193,40.6225
estast,-7.4586,40.6225
estast,-7.37527,40.6225
estast,-8.7086,40.5391
estast,-8.62527,40.5391
estast,-8.54193,40.5391
estast,-8.04193,40.5391
estast,-7.79193,40.5391
estast,-7.62527,40.5391
estast,-7.54193,40.5391
estast,-8.79193,40.4558
estast,-8.7086,40.4558
estast,-8.62527,40.4558
estast,-7.7086,40.4558
estast,-7.62527,40.4558
estast,-7.54193,40.4558
estast,-8.54193,40.3725
estast,-8.4586,40.3725
estast,-8.04193,40.3725
estast,-7.9586,40.3725
estast,-7.29193,40.3725
estast,0.374734,40.3725
estast,-8.79193,40.2891
estast,-8.54193,40.2891
estast,-8.4586,40.2891
estast,-8.37527,40.2891
estast,-8.7086,40.2058
estast,-8.62527,40.2058
estast,-8.54193,40.2058
estast,-8.4586,40.2058
estast,-8.29193,40.2058
estast,-8.04193,40.2058
estast,-7.9586,40.2058
estast,-7.4586,40.2058
estast,-5.9586,40.2058
estast,-8.79193,40.1225
estast,-8.7086,40.1225
estast,-8.62527,40.1225
estast,-8.54193,40.1225
estast,-8.4586,40.1225
estast,-8.29193,40.1225
estast,-8.2086,40.1225
estast,-8.12527,40.1225
estast,-7.12527,40.1225
estast,-7.04193,40.1225
estast,-8.7086,40.0391
estast,-8.62527,40.0391
estast,-8.54193,40.0391
estast,-8.4586,40.0391
estast,-8.37527,40.0391
estast,-8.87527,39.9558
estast,-8.7086,39.9558
estast,-8.37527,39.9558
estast,-7.4586,39.9558
estast,-7.2086,39.9558
estast,-7.12527,39.9558
estast,-5.29193,39.9558
estast,-0.291933,39.9558
estast,-0.208599,39.9558
estast,-0.0419328,39.9558
estast,-8.9586,39.8725
estast,-8.87527,39.8725
estast,-8.62527,39.8725
estast,-8.54193,39.8725
estast,-8.4586,39.8725
estast,-8.37527,39.8725
estast,-8.12527,39.8725
estast,-7.29193,39.8725
estast,-7.2086,39.8725
estast,-7.12527,39.8725
estast,-5.7086,39.8725
estast,-0.125266,39.8725
estast,-8.87527,39.7891
estast,-8.79193,39.7891
estast,-8.54193,39.7891
estast,-8.4586,39.7891
estast,-8.29193,39.7891
estast,-8.04193,39.7891
estast,-6.04193,39.7891
estast,-0.291933,39.7891
estast,-0.208599,39.7891
estast,3.0414,39.7891
estast,3.12473,39.7891
estast,-8.87527,39.7058
estast,-8.79193,39.7058
estast,-8.7086,39.7058
estast,-8.62527,39.7058
estast,-8.54193,39.7058
estast,-8.4586,39.7058
estast,-8.37527,39.7058
estast,-8.29193,39.7058
estast,-8.12527,39.7058
estast,-7.62527,39.7058
estast,-7.54193,39.7058
estast,-7.37527,39.7058
estast,-7.29193,39.7058
estast,-0.291933,39.7058
estast,-0.208599,39.7058
estast,-9.04193,39.6225
estast,-8.9586,39.6225
estast,-8.87527,39.6225
estast,-8.79193,39.6225
estast,-8.54193,39.6225
estast,-8.4586,39.6225
estast,-8.37527,39.6225
estast,-8.29193,39.6225
estast,-8.2086,39.6225
estast,-8.12527,39.6225
estast,-7.7086,39.6225
estast,-7.54193,39.6225
estast,-0.541933,39.6225
estast,-0.458599,39.6225
estast,-9.04193,39.5391
estast,-8.9586,39.5391
estast,-8.7086,39.5391
estast,-8.62527,39.5391
estast,-8.54193,39.5391
estast,-8.4586,39.5391
estast,-8.37527,39.5391
estast,-8.29193,39.5391
estast,-8.12527,39.5391
estast,-8.04193,39.5391
estast,-7.9586,39.5391
estast,-7.87527,39.5391
estast,-7.62527,39.5391
estast,-7.54193,39.5391
estast,-7.4586,39.5391
estast,-6.62527,39.5391
estast,-6.37527,39.5391
estast,-5.79193,39.5391
estast,-0.541933,39.5391
estast,-0.458599,39.5391
estast,-0.375266,39.5391
estast,2.45807,39.5391
estast,2.5414,39.5391
estast,-9.2086,39.4558
estast,-9.12527,39.4558
estast,-9.04193,39.4558
estast,-8.9586,39.4558
estast,-8.87527,39.4558
estast,-8.79193,39.4558
estast,-8.7086,39.4558
estast,-8.54193,39.4558
estast,-8.4586,39.4558
estast,-8.37527,39.4558
estast,-8.29193,39.4558
estast,-8.2086,39.4558
estast,-8.12527,39.4558
estast,-8.04193,39.4558
estast,-7.9586,39.4558
estast,-7.54193,39.4558
estast,-7.4586,39.4558
estast,-7.37527,39.4558
estast,-7.29193,39.4558
estast,-6.37527,39.4558
estast,-6.2086,39.4558
estast,-4.2086,39.4558
estast,-0.458599,39.4558
estast,-0.375266,39.4558
estast,-9.29193,39.3725
estast,-9.2086,39.3725
estast,-9.12527,39.3725
estast,-9.04193,39.3725
estast,-8.9586,39.3725
estast,-8.87527,39.3725
estast,-8.7086,39.3725
estast,-8.62527,39.3725
estast,-8.54193,39.3725
estast,-8.4586,39.3725
estast,-8.37527,39.3725
estast,-8.29193,39.3725
estast,-8.12527,39.3725
estast,-8.04193,39.3725
estast,-7.9586,39.3725
estast,-7.87527,39.3725
estast,-7.79193,39.3725
estast,-7.7086,39.3725
estast,-7.62527,39.3725
estast,-7.54193,39.3725
estast,-7.4586,39.3725
estast,-7.37527,39.3725
estast,-7.29193,39.3725
estast,-6.37527,39.3725
estast,-6.29193,39.3725
estast,-5.7086,39.3725
estast,-0.375266,39.3725
estast,-9.29193,39.2891
estast,-9.2086,39.2891
estast,-9.12527,39.2891
estast,-9.04193,39.2891
estast,-8.87527,39.2891
estast,-8.79193,39.2891
estast,-8.7086,39.2891
estast,-8.62527,39.2891
estast,-8.54193,39.2891
estast,-8.4586,39.2891
estast,-8.37527,39.2891
estast,-8.29193,39.2891
estast,-8.12527,39.2891
estast,-8.04193,39.2891
estast,-7.87527,39.2891
estast,-7.79193,39.2891
estast,-7.7086,39.2891
estast,-7.62527,39.2891
estast,-7.54193,39.2891
estast,-7.4586,39.2891
estast,-5.7086,39.2891
estast,-5.12527,39.2891
estast,-0.291933,39.2891
estast,-9.29193,39.2058
estast,-8.9586,39.2058
estast,-8.87527,39.2058
estast,-8.79193,39.2058
estast,-8.7086,39.2058
estast,-8.62527,39.2058
estast,-8.54193,39.2058
estast,-8.4586,39.2058
estast,-8.37527,39.2058
estast,-8.29193,39.2058
estast,-8.2086,39.2058
estast,-8.12527,39.2058
estast,-8.04193,39.2058
estast,-7.9586,39.2058
estast,-7.87527,39.2058
estast,-7.79193,39.2058
estast,-7.4586,39.2058
estast,-7.29193,39.2058
estast,-5.62527,39.2058
estast,-9.37527,39.1225
estast,-9.29193,39.1225
estast,-9.2086,39.1225
estast,-9.12527,39.1225
estast,-9.04193,39.1225
estast,-8.9586,39.1225
estast,-8.87527,39.1225
estast,-8.79193,39.1225
estast,-8.7086,39.1225
estast,-8.62527,39.1225
estast,-8.4586,39.1225
estast,-8.37527,39.1225
estast,-8.2086,39.1225
estast,-8.12527,39.1225
estast,-8.04193,39.1225
estast,-7.9586,39.1225
estast,-7.87527,39.1225
estast,-7.54193,39.1225
estast,-7.4586,39.1225
estast,-5.79193,39.1225
estast,-5.7086,39.1225
estast,-5.62527,39.1225
estast,-5.54193,39.1225
estast,-5.4586,39.1225
estast,-5.37527,39.1225
estast,-5.2086,39.1225
estast,-5.12527,39.1225
estast,-0.291933,39.1225
estast,-9.37527,39.0391
estast,-9.29193,39.0391
estast,-9.2086,39.0391
estast,-9.12527,39.0391
estast,-9.04193,39.0391
estast,-8.9586,39.0391
estast,-8.87527,39.0391
estast,-8.79193,39.0391
estast,-8.7086,39.0391
estast,-8.54193,39.0391
estast,-8.4586,39.0391
estast,-8.37527,39.0391
estast,-8.29193,39.0391
estast,-8.2086,39.0391
estast,-8.12527,39.0391
estast,-8.04193,39.0391
estast,-7.9586,39.0391
estast,-7.87527,39.0391
estast,-7.79193,39.0391
estast,-7.62527,39.0391
estast,-7.54193,39.0391
estast,-7.4586,39.0391
estast,-7.29193,39.0391
estast,-7.2086,39.0391
estast,-7.12527,39.0391
estast,-7.04193,39.0391
estast,-6.7086,39.0391
estast,-6.29193,39.0391
estast,-6.04193,39.0391
estast,-5.9586,39.0391
estast,-5.79193,39.0391
estast,-5.7086,39.0391
estast,-5.62527,39.0391
estast,-5.4586,39.0391
estast,-5.37527,39.0391
estast,-4.87527,39.0391
estast,-0.208599,39.0391
estast,-9.37527,38.9558
estast,-9.29193,38.9558
estast,-9.2086,38.9558
estast,-9.12527,38.9558
estast,-9.04193,38.9558
estast,-8.9586,38.9558
estast,-8.87527,38.9558
estast,-8.79193,38.9558
estast,-8.7086,38.9558
estast,-8.62527,38.9558
estast,-8.54193,38.9558
estast,-8.4586,38.9558
estast,-8.37527,38.9558
estast,-8.29193,38.9558
estast,-8.2086,38.9558
estast,-8.12527,38.9558
estast,-8.04193,38.9558
estast,-7.9586,38.9558
estast,-7.87527,38.9558
estast,-7.79193,38.9558
estast,-7.7086,38.9558
estast,-7.54193,38.9558
estast,-7.29193,38.9558
estast,-7.12527,38.9558
estast,-7.04193,38.9558
estast,-6.9586,38.9558
estast,-6.87527,38.9558
estast,-6.62527,38.9558
estast,-6.54193,38.9558
estast,-6.37527,38.9558
estast,-6.12527,38.9558
estast,-5.9586,38.9558
estast,-5.87527,38.9558
estast,-5.79193,38.9558
estast,-5.7086,38.9558
estast,-5.62527,38.9558
estast,-0.208599,38.9558
estast,-9.37527,38.8725
estast,-9.29193,38.8725
estast,-9.2086,38.8725
estast,-9.12527,38.8725
estast,-9.04193,38.8725
estast,-8.9586,38.8725
estast,-8.87527,38.8725
estast,-8.79193,38.8725
estast,-8.7086,38.8725
estast,-8.54193,38.8725
estast,-8.4586,38.8725
estast,-8.37527,38.8725
estast,-8.29193,38.8725
estast,-8.2086,38.8725
estast,-8.12527,38.8725
estast,-8.04193,38.8725
estast,-7.9586,38.8725
estast,-7.54193,38.8725
estast,-7.4586,38.8725
estast,-7.37527,38.8725
estast,-7.12527,38.8725
estast,-7.04193,38.8725
estast,-6.9586,38.8725
estast,-6.87527,38.8725
estast,-6.79193,38.8725
estast,-6.62527,38.8725
estast,-6.37527,38.8725
estast,-6.2086,38.8725
estast,-5.62527,38.8725
estast,-5.54193,38.8725
estast,-0.125266,38.8725
estast,-0.0419328,38.8725
estast,-9.4586,38.7891
estast,-9.37527,38.7891
estast,-9.29193,38.7891
estast,-9.2086,38.7891
estast,-9.12527,38.7891
estast,-8.87527,38.7891
estast,-8.79193,38.7891
estast,-8.7086,38.7891
estast,-8.62527,38.7891
estast,-8.54193,38.7891
estast,-8.4586,38.7891
estast,-8.37527,38.7891
estast,-8.29193,38.7891
estast,-8.2086,38.7891
estast,-8.12527,38.7891
estast,-8.04193,38.7891
estast,-7.87527,38.7891
estast,-7.54193,38.7891
estast,-7.4586,38.7891
estast,-7.37527,38.7891
estast,-7.2086,38.7891
estast,-6.37527,38.7891
estast,-6.29193,38.7891
estast,-6.2086,38.7891
estast,-5.7086,38.7891
estast,-5.54193,38.7891
estast,-5.4586,38.7891
estast,-9.4586,38.7058
estast,-9.37527,38.7058
estast,-9.29193,38.7058
estast,-9.2086,38.7058
estast,-9.04193,38.7058
estast,-8.9586,38.7058
estast,-8.87527,38.7058
estast,-8.79193,38.7058
estast,-8.7086,38.7058
estast,-8.62527,38.7058
estast,-8.54193,38.7058
estast,-8.4586,38.7058
estast,-8.37527,38.7058
estast,-8.29193,38.7058
estast,-8.04193,38.7058
estast,-7.9586,38.7058
estast,-7.62527,38.7058
estast,-7.29193,38.7058
estast,-7.2086,38.7058
estast,-7.12527,38.7058
estast,-7.04193,38.7058
estast,-9.2086,38.6225
estast,-9.12527,38.6225
estast,-9.04193,38.6225
estast,-8.9586,38.6225
estast,-8.87527,38.6225
estast,-8.79193,38.6225
estast,-8.7086,38.6225
estast,-8.62527,38.6225
estast,-8.54193,38.6225
estast,-8.2086,38.6225
estast,-8.12527,38.6225
estast,-8.04193,38.6225
estast,-7.87527,38.6225
estast,-7.7086,38.6225
estast,-7.54193,38.6225
estast,-7.4586,38.6225
estast,-7.37527,38.6225
estast,-0.0419328,38.6225
estast,-9.12527,38.5391
estast,-9.04193,38.5391
estast,-8.9586,38.5391
estast,-8.87527,38.5391
estast,-8.79193,38.5391
estast,-8.7086,38.5391
estast,-8.54193,38.5391
estast,-8.4586,38.5391
estast,-8.37527,38.5391
estast,-8.29193,38.5391
estast,-8.2086,38.5391
estast,-8.12527,38.5391
estast,-8.04193,38.5391
estast,-7.87527,38.5391
estast,-7.79193,38.5391
estast,-7.7086,38.5391
estast,-7.62527,38.5391
estast,-9.12527,38.4558
estast,-9.04193,38.4558
estast,-8.7086,38.4558
estast,-8.62527,38.4558
estast,-8.54193,38.4558
estast,-8.4586,38.4558
estast,-8.37527,38.4558
estast,-8.29193,38.4558
estast,-8.12527,38.4558
estast,-8.04193,38.4558
estast,-7.87527,38.4558
estast,-7.7086,38.4558
estast,-7.54193,38.4558
estast,-7.4586,38.4558
estast,-7.37527,38.4558
estast,-6.87527,38.4558
estast,-6.54193,38.4558
estast,-6.4586,38.4558
estast,-0.875266,38.4558
estast,-0.458599,38.4558
estast,-8.79193,38.3725
estast,-8.7086,38.3725
estast,-8.62527,38.3725
estast,-8.54193,38.3725
estast,-8.4586,38.3725
estast,-8.37527,38.3725
estast,-8.29193,38.3725
estast,-8.2086,38.3725
estast,-8.04193,38.3725
estast,-7.7086,38.3725
estast,-7.54193,38.3725
estast,-7.2086,38.3725
estast,-7.12527,38.3725
estast,-6.62527,38.3725
estast,-6.54193,38.3725
estast,-6.2086,38.3725
estast,-6.04193,38.3725
estast,-0.875266,38.3725
estast,-8.7086,38.2891
estast,-8.54193,38.2891
estast,-8.4586,38.2891
estast,-8.37527,38.2891
estast,-8.29193,38.2891
estast,-8.2086,38.2891
estast,-8.12527,38.2891
estast,-8.04193,38.2891
estast,-7.9586,38.2891
estast,-7.87527,38.2891
estast,-7.29193,38.2891
estast,-7.04193,38.2891
estast,-6.9586,38.2891
estast,-6.79193,38.2891
estast,-6.29193,38.2891
estast,-8.62527,38.2058
estast,-8.54193,38.2058
estast,-8.4586,38.2058
estast,-8.37527,38.2058
estast,-8.29193,38.2058
estast,-8.12527,38.2058
estast,-8.04193,38.2058
estast,-7.37527,38.2058
estast,-7.29193,38.2058
estast,-7.12527,38.2058
estast,-6.87527,38.2058
estast,-6.04193,38.2058
estast,-4.04193,38.2058
estast,-0.791933,38.2058
estast,-0.625266,38.2058
estast,-8.79193,38.1225
estast,-8.7086,38.1225
estast,-8.62527,38.1225
estast,-8.4586,38.1225
estast,-8.37527,38.1225
estast,-8.29193,38.1225
estast,-8.2086,38.1225
estast,-8.12527,38.1225
estast,-8.04193,38.1225
estast,-7.9586,38.1225
estast,-7.87527,38.1225
estast,-7.79193,38.1225
estast,-7.7086,38.1225
estast,-7.62527,38.1225
estast,-7.54193,38.1225
estast,-7.37527,38.1225
estast,-7.12527,38.1225
estast,-7.04193,38.1225
estast,-6.9586,38.1225
estast,-1.29193,38.1225
estast,-8.79193,38.0391
estast,-8.7086,38.0391
estast,-8.62527,38.0391
estast,-8.54193,38.0391
estast,-8.4586,38.0391
estast,-8.37527,38.0391
estast,-8.2086,38.0391
estast,-7.9586,38.0391
estast,-7.79193,38.0391
estast,-7.62527,38.0391
estast,-7.54193,38.0391
estast,-0.708599,38.0391
estast,-8.79193,37.9558
estast,-8.62527,37.9558
estast,-8.54193,37.9558
estast,-8.4586,37.9558
estast,-8.37527,37.9558
estast,-8.2086,37.9558
estast,-8.12527,37.9558
estast,-8.04193,37.9558
estast,-7.7086,37.9558
estast,-5.29193,37.9558
estast,-4.7086,37.9558
estast,-4.62527,37.9558
estast,-1.2086,37.9558
estast,-8.79193,37.8725
estast,-8.7086,37.8725
estast,-8.62527,37.8725
estast,-8.54193,37.8725
estast,-8.4586,37.8725
estast,-8.37527,37.8725
estast,-8.29193,37.8725
estast,-8.2086,37.8725
estast,-8.12527,37.8725
estast,-8.04193,37.8725
estast,-7.9586,37.8725
estast,-7.62527,37.8725
estast,-4.79193,37.8725
estast,-4.7086,37.8725
estast,-8.79193,37.7891
estast,-8.7086,37.7891
estast,-8.62527,37.7891
estast,-8.54193,37.7891
estast,-8.4586,37.7891
estast,-8.29193,37.7891
estast,-8.04193,37.7891
estast,-7.87527,37.7891
estast,-4.87527,37.7891
estast,-8.79193,37.7058
estast,-8.7086,37.7058
estast,-8.4586,37.7058
estast,-8.37527,37.7058
estast,-8.29193,37.7058
estast,-8.12527,37.7058
estast,-8.04193,37.7058
estast,-7.9586,37.7058
estast,-7.62527,37.7058
estast,-7.4586,37.7058
estast,-6.2086,37.7058
estast,-6.12527,37.7058
estast,-5.87527,37.7058
estast,-4.9586,37.7058
estast,-1.04193,37.7058
estast,-8.79193,37.6225
estast,-8.7086,37.6225
estast,-8.62527,37.6225
estast,-8.4586,37.6225
estast,-8.37527,37.6225
estast,-7.7086,37.6225
estast,-7.62527,37.6225
estast,-7.29193,37.6225
estast,-5.79193,37.6225
estast,-5.62527,37.6225
estast,-8.7086,37.5391
estast,-8.62527,37.5391
estast,-8.54193,37.5391
estast,-8.4586,37.5391
estast,-7.04193,37.5391
estast,-6.9586,37.5391
estast,-6.12527,37.5391
estast,-6.04193,37.5391
estast,-5.9586,37.5391
estast,-5.87527,37.5391
estast,-8.79193,37.4558
estast,-8.7086,37.4558
estast,-8.62527,37.4558
estast,-8.54193,37.4558
estast,-8.4586,37.4558
estast,-7.62527,37.4558
estast,-7.4586,37.4558
estast,-6.7086,37.4558
estast,-6.62527,37.4558
estast,-6.2086,37.4558
estast,-5.9586,37.4558
estast,-5.87527,37.4558
estast,-8.79193,37.3725
estast,-8.62527,37.3725
estast,-8.4586,37.3725
estast,-8.37527,37.3725
estast,-8.29193,37.3725
estast,-8.2086,37.3725
estast,-7.79193,37.3725
estast,-7.7086,37.3725
estast,-7.62527,37.3725
estast,-7.54193,37.3725
estast,-7.4586,37.3725
estast,-7.04193,37.3725
estast,-6.9586,37.3725
estast,-6.29193,37.3725
estast,-6.04193,37.3725
estast,-5.9586,37.3725
estast,-5.87527,37.3725
estast,-5.2086,37.3725
estast,-8.79193,37.2891
estast,-8.7086,37.2891
estast,-8.54193,37.2891
estast,-8.4586,37.2891
estast,-8.29193,37.2891
estast,-8.04193,37.2891
estast,-7.7086,37.2891
estast,-7.62527,37.2891
estast,-7.4586,37.2891
estast,-6.7086,37.2891
estast,-6.54193,37.2891
estast,-6.4586,37.2891
estast,-6.29193,37.2891
estast,-6.2086,37.2891
estast,-6.12527,37.2891
estast,-6.04193,37.2891
estast,-5.9586,37.2891
estast,-5.87527,37.2891
estast,-5.79193,37.2891
estast,-8.87527,37.2058
estast,-8.79193,37.2058
estast,-8.7086,37.2058
estast,-8.62527,37.2058
estast,-8.54193,37.2058
estast,-8.4586,37.2058
estast,-8.37527,37.2058
estast,-8.29193,37.2058
estast,-8.2086,37.2058
estast,-8.12527,37.2058
estast,-8.04193,37.2058
estast,-7.9586,37.2058
estast,-7.79193,37.2058
estast,-7.7086,37.2058
estast,-7.62527,37.2058
estast,-7.54193,37.2058
estast,-7.4586,37.2058
estast,-7.37527,37.2058
estast,-6.9586,37.2058
estast,-6.87527,37.2058
estast,-6.79193,37.2058
estast,-6.2086,37.2058
estast,-6.12527,37.2058
estast,-6.04193,37.2058
estast,-5.9586,37.2058
estast,-5.87527,37.2058
estast,-3.87527,37.2058
estast,-8.87527,37.1225
estast,-8.79193,37.1225
estast,-8.7086,37.1225
estast,-8.54193,37.1225
estast,-8.4586,37.1225
estast,-8.37527,37.1225
estast,-8.29193,37.1225
estast,-8.2086,37.1225
estast,-8.12527,37.1225
estast,-8.04193,37.1225
estast,-7.9586,37.1225
estast,-7.87527,37.1225
estast,-7.79193,37.1225
estast,-7.7086,37.1225
estast,-6.54193,37.1225
estast,-6.4586,37.1225
estast,-6.37527,37.1225
estast,-6.29193,37.1225
estast,-6.2086,37.1225
estast,-6.12527,37.1225
estast,-6.04193,37.1225
estast,-5.9586,37.1225
estast,-5.87527,37.1225
estast,-5.79193,37.1225
estast,-8.9586,37.0391
estast,-8.04193,37.0391
estast,-7.9586,37.0391
estast,-7.87527,37.0391
estast,-7.79193,37.0391
estast,-6.54193,37.0391
estast,-6.4586,37.0391
estast,-6.37527,37.0391
estast,-6.29193,37.0391
estast,-5.9586,37.0391
estast,-5.79193,37.0391
estast,-6.37527,36.9558
estast,-5.9586,36.9558
estast,-5.87527,36.9558
estast,-6.29193,36.8725
estast,-3.62527,36.8725
estast,-6.29193,36.7891
estast,-4.7086,36.7891
estast,-4.4586,36.7891
estast,-4.37527,36.7891
estast,-4.12527,36.7891
estast,-4.04193,36.7891
estast,-5.62527,36.7058
estast,-4.79193,36.7058
estast,-4.7086,36.7058
estast,-4.54193,36.7058
estast,-4.4586,36.7058
estast,-4.54193,36.6225
estast,-6.29193,36.5391
estast,-4.62527,36.5391
estast,-5.12527,36.4558
estast,-5.37527,36.2058
estmel,-3.04193,43.2891
estmel,-3.12527,43.2058
estmel,-3.04193,43.2058
estmel,-8.79193,42.0391
estmel,-8.87527,41.9558
estmel,0.708067,41.7058
estmel,0.958067,41.7058
estmel,0.624734,41.6225
estmel,2.2914,41.6225
estmel,2.37473,41.6225
estmel,0.541401,41.5391
estmel,2.2914,41.5391
estmel,2.37473,41.5391
estmel,2.12473,41.4558
estmel,0.291401,41.3725
estmel,1.95807,41.3725
estmel,2.0414,41.3725
estmel,2.12473,41.3725
estmel,2.0414,41.2891
estmel,-3.54193,40.2891
estmel,-3.4586,40.2891
estmel,-3.62527,40.2058
estmel,-3.54193,40.2058
estmel,-3.4586,40.2058
estmel,-3.54193,40.1225
estmel,-3.4586,40.1225
estmel,-3.62527,40.0391
estmel,-3.54193,40.0391
estmel,-0.291933,39.9558
estmel,-0.208599,39.9558
estmel,-0.125266,39.9558
estmel,-0.0419328,39.9558
estmel,-0.125266,39.8725
estmel,-0.875266,39.5391
estmel,-0.791933,39.5391
estmel,-0.625266,39.5391
estmel,-0.541933,39.5391
estmel,-0.458599,39.5391
estmel,-0.458599,39.4558
estmel,-0.375266,39.4558
estmel,-0.458599,39.3725
estmel,-0.791933,38.2058
estmel,-5.29193,37.7058
estmel,-1.04193,37.7058
estmel,-5.79193,37.6225
estmel,-6.04193,37.5391
estmel,-5.9586,37.5391
estmel,-6.12527,37.3725
estmel,-5.9586,37.3725
estmel,-6.04193,37.2891
estmel,-4.4586,36.7891
estmel,-4.37527,36.7891
estmel,-4.12527,36.7891
estmel,-4.04193,36.7891
estmel,-4.62527,36.7058
estmel,-4.54193,36.7058
estmel,-4.54193,36.6225
estmel,-5.37527,36.2058
esttro,1.87473,41.9558
esttro,1.95807,41.9558
esttro,2.20807,41.6225
esttro,2.2914,41.6225
esttro,2.37473,41.6225
esttro,2.2914,41.5391
esttro,2.0414,41.4558
esttro,2.12473,41.4558
esttro,2.20807,41.4558
esttro,1.95807,41.3725
esttro,2.0414,41.3725
esttro,2.12473,41.3725
esttro,1.95807,41.2891
esttro,2.0414,41.2891
esttro,-7.79193,41.2058
esttro,0.541401,41.2058
esttro,1.5414,41.2058
esttro,1.62473,41.2058
esttro,1.20807,41.1225
esttro,-3.2086,40.7891
esttro,-3.12527,40.7891
esttro,-2.2086,40.7891
esttro,-3.79193,40.5391
esttro,-3.7086,40.4558
esttro,0.374734,40.3725
esttro,-3.62527,40.2891
esttro,-3.54193,40.2891
esttro,-3.4586,40.2891
esttro,-3.29193,40.2891
esttro,-3.62527,40.2058
esttro,-5.04193,40.0391
esttro,-4.9586,40.0391
esttro,-0.0419328,39.9558
esttro,-0.291933,39.7058
esttro,-0.541933,39.5391
esttro,-0.458599,39.5391
esttro,-0.375266,39.2891
esttro,-5.54193,39.0391
esttro,-0.291933,38.9558
esttro,-5.7086,38.7058
esttro,-1.2086,37.9558
esttro,-4.79193,37.7891
esttro,-4.7086,37.7891
esttro,-4.7086,37.7058
esttro,-1.04193,37.7058
esttro,-5.79193,37.6225
esttro,-6.04193,37.5391
esttro,-5.9586,37.5391
esttro,-5.54193,37.5391
esttro,-5.87527,37.4558
esttro,-5.9586,37.3725
esttro,-5.87527,37.3725
esttro,-6.04193,37.2891
esttro,-5.9586,37.2891
esttro,-5.87527,37.2891
esttro,-6.12527,37.2058
esttro,-6.04193,37.2058
esttro,-6.12527,37.1225
esttro,-6.04193,37.1225
esttro,-5.9586,37.1225
esttro,-5.87527,37.1225
esttro,-4.79193,37.1225
esttro,-4.7086,37.1225
esttro,-4.87527,37.0391
esttro,-4.7086,36.8725
esttro,-4.7086,36.7891
esttro,-4.4586,36.7891
esttro,-4.37527,36.7891
esttro,-4.12527,36.7891
esttro,-4.04193,36.7891
esttro,-4.79193,36.7058
esttro,-4.7086,36.7058
esttro,-4.62527,36.7058
esttro,-4.54193,36.7058
esttro,-4.4586,36.7058
esttro,-3.4586,36.7058
esttro,-4.7086,36.6225
esttro,-4.54193,36.6225
esttro,-5.29193,36.2891
esttro,-5.4586,36.2058
eupafe,-7.79193,43.7058
eupafe,-7.04193,43.4558
eupafe,-5.4586,43.4558
eupafe,-8.7086,42.7058
eupafe,3.0414,42.2058
eupafe,-1.2086,41.9558
eupafe,2.70807,41.7058
eupafe,2.62473,41.6225
eupafe,2.12473,41.4558
eupafe,2.0414,41.2891
eupafe,-8.62527,41.1225
eupafe,-8.62527,40.9558
eupafe,-8.62527,40.7058
eupafe,-8.54193,40.7058
eupafe,0.791401,40.7058
eupafe,-8.54193,40.5391
eupafe,-8.79193,40.4558
eupafe,0.374734,40.3725
eupafe,-8.7086,40.2058
eupafe,-8.54193,40.2058
eupafe,-8.4586,40.2058
eupafe,-8.79193,40.1225
eupafe,-8.7086,40.1225
eupafe,-8.62527,40.1225
eupafe,-3.54193,40.1225
eupafe,-8.87527,39.8725
eupafe,-8.87527,39.7891
eupafe,-0.375266,39.5391
eupafe,-8.54193,39.4558
eupafe,-8.4586,39.4558
eupafe,-8.29193,39.4558
eupafe,-9.29193,39.3725
eupafe,-9.2086,39.3725
eupafe,-8.54193,39.3725
eupafe,-0.375266,39.3725
eupafe,-8.62527,39.2891
eupafe,-0.375266,39.2891
eupafe,-0.291933,39.2891
eupafe,-8.62527,39.2058
eupafe,-0.291933,39.2058
eupafe,-9.37527,39.1225
eupafe,-8.79193,39.1225
eupafe,-8.62527,39.1225
eupafe,-8.87527,39.0391
eupafe,-8.79193,39.0391
eupafe,-8.7086,39.0391
eupafe,-6.7086,39.0391
eupafe,-8.9586,38.9558
eupafe,-8.87527,38.9558
eupafe,-8.79193,38.9558
eupafe,-8.62527,38.9558
eupafe,-6.9586,38.9558
eupafe,-6.62527,38.9558
eupafe,-0.541933,38.9558
eupafe,-9.12527,38.8725
eupafe,-9.04193,38.8725
eupafe,-8.9586,38.8725
eupafe,-8.87527,38.8725
eupafe,-8.79193,38.8725
eupafe,-7.12527,38.8725
eupafe,-7.04193,38.8725
eupafe,-6.62527,38.8725
eupafe,-6.2086,38.8725
eupafe,-0.125266,38.8725
eupafe,-0.0419328,38.8725
eupafe,-9.12527,38.7891
eupafe,-8.87527,38.7891
eupafe,-8.54193,38.7891
eupafe,-9.2086,38.7058
eupafe,-8.9586,38.7058
eupafe,-8.87527,38.7058
eupafe,-8.79193,38.6225
eupafe,-8.7086,38.6225
eupafe,-0.0419328,38.6225
eupafe,-9.12527,38.5391
eupafe,-8.87527,38.5391
eupafe,-8.79193,38.5391
eupafe,-8.7086,38.5391
eupafe,-8.4586,38.5391
eupafe,-8.7086,38.4558
eupafe,-8.62527,38.4558
eupafe,-8.79193,38.3725
eupafe,-8.7086,38.3725
eupafe,-8.62527,38.3725
eupafe,-8.54193,38.3725
eupafe,-8.4586,38.3725
eupafe,-8.37527,38.2891
eupafe,-8.29193,38.2891
eupafe,-8.29193,38.2058
eupafe,-8.04193,38.2058
eupafe,-8.79193,38.1225
eupafe,-8.12527,38.1225
eupafe,-8.04193,38.1225
eupafe,-7.12527,37.9558
eupafe,-7.04193,37.9558
eupafe,-5.79193,37.6225
eupafe,-5.4586,37.5391
eupafe,-6.2086,37.4558
eupafe,-8.79193,37.3725
eupafe,-5.9586,37.3725
eupafe,-6.62527,37.2891
eupafe,-6.12527,37.2891
eupafe,-6.04193,37.2891
eupafe,-8.4586,37.2058
eupafe,-6.29193,37.2058
eupafe,-6.2086,37.2058
eupafe,-6.12527,37.2058
eupafe,-6.04193,37.2058
eupafe,-5.9586,37.2058
eupafe,-5.87527,37.2058
eupafe,-8.87527,37.1225
eupafe,-8.79193,37.1225
eupafe,-8.4586,37.1225
eupafe,-6.4586,37.1225
eupafe,-6.29193,37.1225
eupafe,-6.2086,37.1225
eupafe,-6.12527,37.1225
eupafe,-6.04193,37.1225
eupafe,-5.9586,37.1225
eupafe,-5.87527,37.1225
eupafe,-5.79193,37.1225
eupafe,-8.04193,37.0391
eupafe,-6.4586,37.0391
eupafe,-6.37527,37.0391
eupafe,-6.04193,37.0391
eupafe,-5.9586,37.0391
eupafe,-5.79193,37.0391
eupafe,-3.62527,37.0391
eupafe,-5.9586,36.9558
eupafe,-5.87527,36.9558
eupafe,-4.4586,36.7891
eupafe,-4.37527,36.7891
eupafe,-4.12527,36.7891
eupafe,-4.4586,36.7058
eupafe,-3.4586,36.7058
eupafe,-4.54193,36.6225
eupafe,-5.9586,36.2891
eupafe,-5.87527,36.2891
eupafe,-5.79193,36.2058
eupafe,-5.7086,36.1225
eupafe,-5.62527,36.1225
myimon,4.87473,52.3725
myimon,4.95807,52.3725
myimon,5.95807,52.2058
myimon,4.45807,51.9558
myimon,-0.291933,51.7058
myimon,-0.208599,51.7058
myimon,-0.375266,51.6225
myimon,-0.291933,51.6225
myimon,-0.208599,51.6225
myimon,-0.625266,51.5391
myimon,-0.291933,51.5391
myimon,-0.291933,51.4558
myimon,-0.0419328,51.4558
myimon,-0.458599,51.3725
myimon,4.7914,51.2058
myimon,4.0414,50.9558
myimon,4.2914,50.9558
myimon,4.37473,50.9558
myimon,4.12473,50.8725
myimon,4.20807,50.8725
myimon,4.2914,50.8725
myimon,4.37473,50.8725
myimon,4.45807,50.8725
myimon,4.62473,50.8725
myimon,4.0414,50.7891
myimon,4.20807,50.7891
myimon,4.2914,50.7891
myimon,4.37473,50.7891
myimon,4.45807,50.7891
myimon,4.95807,50.7891
myimon,13.3747,46.2891
myimon,8.70807,45.7891
myimon,11.2914,45.7891
myimon,10.6247,45.3725
myimon,7.45807,44.6225
myimon,8.95807,44.6225
myimon,9.0414,44.6225
myimon,7.37473,44.5391
myimon,7.45807,44.5391
myimon,7.5414,44.5391
myimon,8.62473,44.5391
myimon,8.70807,44.5391
myimon,8.87473,44.5391
myimon,8.95807,44.5391
myimon,9.0414,44.5391
myimon,9.12473,44.5391
myimon,9.20807,44.5391
myimon,9.2914,44.5391
myimon,9.37473,44.5391
myimon,9.45807,44.5391
myimon,7.45807,44.4558
myimon,7.5414,44.4558
myimon,8.70807,44.4558
myimon,8.7914,44.4558
myimon,8.87473,44.4558
myimon,8.95807,44.4558
myimon,9.0414,44.4558
myimon,9.12473,44.4558
myimon,9.20807,44.4558
myimon,9.2914,44.4558
myimon,9.37473,44.4558
myimon,9.45807,44.4558
myimon,9.12473,44.3725
myimon,9.20807,44.3725
myimon,9.2914,44.3725
myimon,9.37473,44.3725
myimon,9.45807,44.3725
myimon,9.45807,44.2891
myimon,9.5414,44.2891
myimon,10.7081,43.7891
myimon,11.2914,43.7891
myimon,11.1247,43.4558
myimon,-8.9586,43.2058
myimon,-1.62527,43.1225
myimon,5.87473,43.1225
myimon,-1.62527,42.7891
myimon,-8.79193,42.5391
myimon,-2.4586,42.5391
myimon,3.12473,42.3725
myimon,-8.7086,42.2891
myimon,2.87473,42.2891
myimon,2.95807,42.2891
myimon,3.0414,42.2891
myimon,3.12473,42.2891
myimon,3.20807,42.2891
myimon,0.958067,42.2058
myimon,2.20807,42.2058
myimon,2.95807,42.2058
myimon,3.0414,42.2058
myimon,-8.79193,42.1225
myimon,-0.375266,42.1225
myimon,2.5414,42.1225
myimon,2.7914,42.1225
myimon,3.12473,42.1225
myimon,11.7914,42.1225
myimon,12.2914,42.1225
myimon,-1.62527,42.0391
myimon,2.2914,42.0391
myimon,2.7914,42.0391
myimon,1.5414,41.9558
myimon,2.20807,41.9558
myimon,2.2914,41.9558
myimon,2.37473,41.9558
myimon,2.7914,41.9558
myimon,2.87473,41.9558
myimon,12.4581,41.9558
myimon,-8.79193,41.8725
myimon,2.12473,41.8725
myimon,2.20807,41.8725
myimon,2.2914,41.8725
myimon,2.37473,41.8725
myimon,2.7914,41.8725
myimon,2.87473,41.8725
myimon,3.12473,41.8725
myimon,12.4581,41.8725
myimon,12.5414,41.8725
myimon,-2.4586,41.7891
myimon,0.541401,41.7891
myimon,0.624734,41.7891
myimon,1.12473,41.7891
myimon,1.7914,41.7891
myimon,1.87473,41.7891
myimon,2.12473,41.7891
myimon,2.2914,41.7891
myimon,12.2914,41.7891
myimon,12.3747,41.7891
myimon,-4.7086,41.7058
myimon,-1.04193,41.7058
myimon,-0.958599,41.7058
myimon,-0.875266,41.7058
myimon,0.541401,41.7058
myimon,0.624734,41.7058
myimon,0.708067,41.7058
myimon,0.791401,41.7058
myimon,0.874734,41.7058
myimon,0.958067,41.7058
myimon,1.7914,41.7058
myimon,1.87473,41.7058
myimon,1.95807,41.7058
myimon,2.20807,41.7058
myimon,2.2914,41.7058
myimon,2.37473,41.7058
myimon,2.45807,41.7058
myimon,2.5414,41.7058
myimon,12.3747,41.7058
myimon,12.4581,41.7058
myimon,-0.958599,41.6225
myimon,-0.875266,41.6225
myimon,0.458067,41.6225
myimon,0.541401,41.6225
myimon,0.624734,41.6225
myimon,0.708067,41.6225
myimon,0.874734,41.6225
myimon,1.0414,41.6225
myimon,1.20807,41.6225
myimon,1.62473,41.6225
myimon,1.70807,41.6225
myimon,1.7914,41.6225
myimon,1.87473,41.6225
myimon,1.95807,41.6225
myimon,2.0414,41.6225
myimon,2.12473,41.6225
myimon,2.20807,41.6225
myimon,2.2914,41.6225
myimon,2.37473,41.6225
myimon,2.45807,41.6225
myimon,2.5414,41.6225
myimon,2.62473,41.6225
myimon,-6.2086,41.5391
myimon,-0.791933,41.5391
myimon,0.708067,41.5391
myimon,1.62473,41.5391
myimon,1.70807,41.5391
myimon,1.7914,41.5391
myimon,1.87473,41.5391
myimon,1.95807,41.5391
myimon,2.0414,41.5391
myimon,2.12473,41.5391
myimon,2.20807,41.5391
myimon,2.2914,41.5391
myimon,2.37473,41.5391
myimon,0.541401,41.4558
myimon,1.7914,41.4558
myimon,1.95807,41.4558
myimon,2.0414,41.4558
myimon,2.12473,41.4558
myimon,2.20807,41.4558
myimon,0.291401,41.3725
myimon,1.62473,41.3725
myimon,1.70807,41.3725
myimon,1.7914,41.3725
myimon,1.87473,41.3725
myimon,1.95807,41.3725
myimon,2.0414,41.3725
myimon,2.12473,41.3725
myimon,-0.791933,41.2891
myimon,1.2914,41.2891
myimon,1.5414,41.2891
myimon,1.70807,41.2891
myimon,1.7914,41.2891
myimon,1.95807,41.2891
myimon,2.0414,41.2891
myimon,-8.7086,41.2058
myimon,-8.62527,41.2058
myimon,0.958067,41.2058
myimon,1.0414,41.2058
myimon,1.12473,41.2058
myimon,1.20807,41.2058
myimon,1.2914,41.2058
myimon,1.45807,41.2058
myimon,1.5414,41.2058
myimon,1.62473,41.2058
myimon,-8.62527,41.1225
myimon,0.374734,41.1225
myimon,0.624734,41.1225
myimon,0.708067,41.1225
myimon,0.874734,41.1225
myimon,0.958067,41.1225
myimon,1.0414,41.1225
myimon,1.12473,41.1225
myimon,1.20807,41.1225
myimon,-5.7086,41.0391
myimon,0.624734,41.0391
myimon,0.958067,41.0391
myimon,-5.54193,40.9558
myimon,0.291401,40.8725
myimon,-1.12527,40.7891
myimon,-4.12527,40.7058
myimon,-4.04193,40.7058
myimon,-3.54193,40.7058
myimon,-3.37527,40.7058
myimon,0.541401,40.7058
myimon,0.624734,40.7058
myimon,0.791401,40.7058
myimon,-3.54193,40.6225
myimon,0.541401,40.6225
myimon,-4.37527,40.5391
myimon,-3.87527,40.5391
myimon,-3.79193,40.5391
myimon,-3.7086,40.5391
myimon,-3.62527,40.5391
myimon,-3.54193,40.5391
myimon,-3.29193,40.5391
myimon,-3.87527,40.4558
myimon,-3.79193,40.4558
myimon,-3.7086,40.4558
myimon,-3.62527,40.4558
myimon,-3.54193,40.4558
myimon,-4.04193,40.3725
myimon,-3.87527,40.3725
myimon,-3.79193,40.3725
myimon,-3.7086,40.3725
myimon,-3.62527,40.3725
myimon,-3.79193,40.2891
myimon,-3.62527,40.2891
myimon,-3.54193,40.2891
myimon,-3.4586,40.2891
myimon,-3.87527,40.2058
myimon,-3.54193,40.2058
myimon,-3.87527,40.1225
myimon,-3.54193,40.1225
myimon,-3.04193,40.1225
myimon,-1.37527,40.1225
myimon,-1.29193,40.1225
myimon,-0.0419328,40.1225
myimon,0.0414006,40.1225
myimon,0.124734,40.1225
myimon,-4.7086,40.0391
myimon,-1.37527,40.0391
myimon,-1.29193,40.0391
myimon,-1.2086,40.0391
myimon,-1.12527,40.0391
myimon,0.0414006,40.0391
myimon,3.87473,40.0391
myimon,3.95807,40.0391
myimon,4.0414,40.0391
myimon,3.87473,39.9558
myimon,3.95807,39.9558
myimon,4.0414,39.9558
myimon,4.12473,39.9558
myimon,4.20807,39.9558
myimon,-0.208599,39.8725
myimon,-0.125266,39.8725
myimon,2.87473,39.8725
myimon,2.95807,39.8725
myimon,3.0414,39.8725
myimon,4.12473,39.8725
myimon,4.20807,39.8725
myimon,4.2914,39.8725
myimon,2.70807,39.7891
myimon,2.7914,39.7891
myimon,2.87473,39.7891
myimon,2.95807,39.7891
myimon,3.0414,39.7891
myimon,3.12473,39.7891
myimon,-0.291933,39.7058
myimon,2.62473,39.7058
myimon,2.70807,39.7058
myimon,2.7914,39.7058
myimon,2.87473,39.7058
myimon,2.95807,39.7058
myimon,3.0414,39.7058
myimon,3.12473,39.7058
myimon,3.20807,39.7058
myimon,3.2914,39.7058
myimon,3.37473,39.7058
myimon,-0.291933,39.6225
myimon,2.45807,39.6225
myimon,2.5414,39.6225
myimon,2.62473,39.6225
myimon,2.70807,39.6225
myimon,2.7914,39.6225
myimon,2.87473,39.6225
myimon,2.95807,39.6225
myimon,3.0414,39.6225
myimon,3.12473,39.6225
myimon,3.20807,39.6225
myimon,3.2914,39.6225
myimon,3.37473,39.6225
myimon,-1.29193,39.5391
myimon,-1.2086,39.5391
myimon,-0.625266,39.5391
myimon,-0.458599,39.5391
myimon,-0.375266,39.5391
myimon,2.37473,39.5391
myimon,2.45807,39.5391
myimon,2.5414,39.5391
myimon,2.70807,39.5391
myimon,2.7914,39.5391
myimon,2.87473,39.5391
myimon,2.95807,39.5391
myimon,3.0414,39.5391
myimon,3.12473,39.5391
myimon,3.20807,39.5391
myimon,3.2914,39.5391
myimon,-5.87527,39.4558
myimon,-1.29193,39.4558
myimon,-1.2086,39.4558
myimon,-0.375266,39.4558
myimon,2.7914,39.4558
myimon,2.87473,39.4558
myimon,2.95807,39.4558
myimon,3.0414,39.4558
myimon,3.12473,39.4558
myimon,3.20807,39.4558
myimon,-3.87527,39.3725
myimon,-2.79193,39.3725
myimon,-0.625266,39.3725
myimon,-0.458599,39.3725
myimon,-0.375266,39.3725
myimon,2.7914,39.3725
myimon,2.87473,39.3725
myimon,2.95807,39.3725
myimon,3.0414,39.3725
myimon,3.12473,39.3725
myimon,3.20807,39.3725
myimon,-3.4586,39.2891
myimon,-0.375266,39.2891
myimon,-0.291933,39.2891
myimon,3.0414,39.2891
myimon,-0.541933,39.2058
myimon,-0.375266,39.2058
myimon,9.12473,39.2058
myimon,-0.375266,39.1225
myimon,-0.291933,39.1225
myimon,-3.7086,39.0391
myimon,-1.29193,39.0391
myimon,-0.208599,39.0391
myimon,1.37473,39.0391
myimon,1.45807,39.0391
myimon,1.5414,39.0391
myimon,-3.37527,38.9558
myimon,-0.125266,38.9558
myimon,1.2914,38.9558
myimon,1.37473,38.9558
myimon,1.45807,38.9558
myimon,-6.37527,38.8725
myimon,-0.208599,38.8725
myimon,1.37473,38.8725
myimon,-9.12527,38.7891
myimon,-9.37527,38.7058
myimon,-9.2086,38.7058
myimon,-3.37527,38.7058
myimon,-0.875266,38.7058
myimon,-0.791933,38.7058
myimon,1.45807,38.7058
myimon,-0.458599,38.4558
myimon,-2.62527,38.2891
myimon,-0.708599,38.2058
myimon,-0.541933,38.2058
myimon,-0.708599,38.1225
myimon,23.7914,38.1225
myimon,-3.62527,38.0391
myimon,-0.875266,38.0391
myimon,-0.708599,38.0391
myimon,-0.791933,37.9558
myimon,-0.708599,37.9558
myimon,23.7081,37.9558
myimon,23.7914,37.9558
myimon,-4.79193,37.8725
myimon,-0.791933,37.8725
myimon,-3.7086,37.7891
myimon,-0.875266,37.7058
myimon,-1.7086,37.6225
myimon,-1.2086,37.6225
myimon,-1.04193,37.6225
myimon,-0.958599,37.6225
myimon,-0.791933,37.6225
myimon,-5.9586,37.5391
myimon,-5.9586,37.4558
myimon,-4.37527,37.4558
myimon,-6.04193,37.3725
myimon,-5.9586,37.3725
myimon,-4.37527,37.3725
myimon,-2.29193,37.3725
myimon,-7.2086,37.2891
myimon,14.7081,37.2891
myimon,-7.37527,37.2058
myimon,-6.9586,37.2058
myimon,-3.62527,37.2058
myimon,-3.2086,37.2058
myimon,-6.37527,37.1225
myimon,-4.54193,37.0391
myimon,-3.37527,36.8725
myimon,-2.37527,36.8725
myimon,-2.04193,36.8725
myimon,-4.7086,36.7891
myimon,-4.4586,36.7891
myimon,-4.37527,36.7891
myimon,-4.04193,36.7891
myimon,-2.62527,36.7891
myimon,-2.2086,36.7891
myimon,-4.54193,36.7058
myimon,-4.4586,36.7058
myimon,-6.29193,36.6225
myimon,-6.2086,36.6225
myimon,-4.54193,36.6225
myimon,-6.29193,36.5391
myimon,-4.87527,36.5391
myimon,-4.62527,36.5391
myimon,-6.12527,36.4558
myimon,-5.2086,36.4558
myimon,-5.12527,36.4558
myimon,-5.29193,36.3725
myimon,-5.9586,36.2891
myimon,-5.29193,36.2891
myimon,-5.62527,36.0391
nannen,-2.04193,43.2891
nannen,-1.9586,43.2891
nannen,-2.04193,43.2058
nannen,-1.9586,43.2058
nannen,-2.62527,42.4558
nannen,-2.54193,42.4558
nannen,-2.62527,42.3725
nannen,-2.54193,42.3725
nannen,2.70807,41.7058
nannen,2.12473,41.4558
nannen,2.20807,41.4558
nannen,1.95807,41.3725
nannen,2.0414,41.3725
nannen,2.12473,41.3725
nannen,2.0414,41.2891
nannen,-3.9586,40.2891
nannen,-3.87527,40.2891
nannen,-3.79193,40.2891
nannen,-3.9586,40.2058
nannen,-3.87527,40.2058
nannen,-3.79193,40.2058
nannen,-3.29193,40.1225
nannen,-3.2086,40.1225
nannen,-3.29193,40.0391
nannen,-3.2086,40.0391
nannen,-3.12527,40.0391
nannen,-3.29193,39.9558
nannen,-3.2086,39.9558
nannen,-3.12527,39.9558
nannen,-0.0419328,39.9558
nannen,-0.458599,39.4558
nannen,-0.375266,39.4558
nannen,-0.375266,39.2891
nannen,-0.291933,39.2891
nannen,-0.375266,39.2058
nannen,-0.291933,39.2058
nannen,-9.29193,38.7058
nannen,-8.7086,37.1225
nannen,-4.4586,36.7058
nannen,-5.29193,36.3725
plomel,-8.9586,43.2058
plomel,3.0414,42.2058
plomel,-8.79193,41.9558
plomel,2.70807,41.7058
plomel,2.62473,41.6225
plomel,2.20807,41.5391
plomel,2.12473,41.4558
plomel,2.0414,41.2891
plomel,-8.62527,41.1225
plomel,-8.62527,40.9558
plomel,-8.62527,40.7058
plomel,-8.54193,40.7058
plomel,0.791401,40.7058
plomel,-8.54193,40.5391
plomel,-8.79193,40.4558
plomel,0.374734,40.3725
plomel,-8.7086,40.2058
plomel,-8.54193,40.2058
plomel,-8.4586,40.2058
plomel,-8.79193,40.1225
plomel,-8.7086,40.1225
plomel,-8.62527,40.1225
plomel,-8.87527,39.8725
plomel,-8.87527,39.7891
plomel,-0.375266,39.5391
plomel,-8.54193,39.4558
plomel,-8.4586,39.4558
plomel,-8.29193,39.4558
plomel,-9.29193,39.3725
plomel,-9.2086,39.3725
plomel,-8.54193,39.3725
plomel,-0.375266,39.3725
plomel,-8.62527,39.2891
plomel,-0.375266,39.2891
plomel,-0.291933,39.2891
plomel,-8.62527,39.2058
plomel,-0.291933,39.2058
plomel,-9.37527,39.1225
plomel,-8.79193,39.1225
plomel,-8.62527,39.1225
plomel,-8.87527,39.0391
plomel,-8.79193,39.0391
plomel,-8.7086,39.0391
plomel,-8.9586,38.9558
plomel,-8.87527,38.9558
plomel,-8.79193,38.9558
plomel,-8.62527,38.9558
plomel,-0.541933,38.9558
plomel,-9.12527,38.8725
plomel,-9.04193,38.8725
plomel,-8.9586,38.8725
plomel,-8.87527,38.8725
plomel,-8.79193,38.8725
plomel,-0.125266,38.8725
plomel,-0.0419328,38.8725
plomel,-9.12527,38.7891
plomel,-8.87527,38.7891
plomel,-8.54193,38.7891
plomel,-9.2086,38.7058
plomel,-8.9586,38.7058
plomel,-8.87527,38.7058
plomel,-8.79193,38.6225
plomel,-8.7086,38.6225
plomel,-0.0419328,38.6225
plomel,-9.12527,38.5391
plomel,-8.87527,38.5391
plomel,-8.79193,38.5391
plomel,-8.7086,38.5391
plomel,-8.4586,38.5391
plomel,-8.7086,38.4558
plomel,-8.62527,38.4558
plomel,-8.79193,38.3725
plomel,-8.7086,38.3725
plomel,-8.62527,38.3725
plomel,-8.54193,38.3725
plomel,-8.4586,38.3725
plomel,-8.37527,38.2891
plomel,-8.29193,38.2891
plomel,-8.29193,38.2058
plomel,-8.04193,38.2058
plomel,-8.79193,38.1225
plomel,-8.12527,38.1225
plomel,-8.04193,38.1225
plomel,-7.12527,37.9558
plomel,-7.04193,37.9558
plomel,-5.79193,37.6225
plomel,-6.2086,37.4558
plomel,-8.79193,37.3725
plomel,-5.9586,37.3725
plomel,-6.12527,37.2891
plomel,-6.04193,37.2891
plomel,-8.4586,37.2058
plomel,-6.29193,37.2058
plomel,-6.2086,37.2058
plomel,-6.12527,37.2058
plomel,-6.04193,37.2058
plomel,-5.9586,37.2058
plomel,-5.87527,37.2058
plomel,-8.87527,37.1225
plomel,-8.79193,37.1225
plomel,-8.4586,37.1225
plomel,-6.4586,37.1225
plomel,-6.29193,37.1225
plomel,-6.2086,37.1225
plomel,-6.12527,37.1225
plomel,-6.04193,37.1225
plomel,-5.9586,37.1225
plomel,-5.87527,37.1225
plomel,-5.79193,37.1225
plomel,-8.04193,37.0391
plomel,-6.4586,37.0391
plomel,-6.37527,37.0391
plomel,-6.04193,37.0391
plomel,-5.9586,37.0391
plomel,-5.79193,37.0391
plomel,-3.62527,37.0391
plomel,-5.9586,36.9558
plomel,-5.87527,36.9558
plomel,-4.4586,36.7891
plomel,-4.37527,36.7891
plomel,-4.12527,36.7891
plomel,-4.4586,36.7058
plomel,-3.4586,36.7058
plomel,-4.54193,36.6225
plomel,-5.9586,36.2891
plomel,-5.87527,36.2891
plomel,-5.79193,36.2058
plomel,-5.7086,36.1225
plomel,-5.62527,36.1225
poicep,-2.54193,42.3725
poicep,-2.4586,42.3725
poicep,-0.875266,41.6225
poicep,-0.875266,41.5391
poicep,0.624734,41.5391
poicep,2.0414,41.5391
poicep,2.20807,41.5391
poicep,2.2914,41.5391
poicep,1.95807,41.4558
poicep,2.0414,41.3725
poicep,2.12473,41.3725
poicep,1.70807,41.2891
poicep,-3.9586,40.7058
poicep,-3.87527,40.7058
poicep,-3.9586,40.6225
poicep,-3.87527,40.6225
poicep,-3.37527,40.4558
poicep,-4.04193,40.3725
poicep,-0.0419328,39.9558
poicep,-0.375266,39.4558
poicep,-0.375266,39.3725
poicep,-1.2086,39.2891
poicep,-1.12527,39.2891
poicep,-1.2086,39.2058
poicep,-1.12527,39.2058
poicep,-9.2086,38.7891
poicep,-9.12527,38.7891
poicep,-9.2086,38.7058
poicep,-9.12527,38.6225
poicep,-0.541933,38.2891
poicep,-0.708599,38.2058
poicep,-0.625266,38.2058
poicep,-0.708599,38.1225
poicep,-1.12527,37.9558
poicep,-4.79193,37.7891
poicep,-6.12527,37.3725
poicep,-6.12527,37.2891
poicep,-6.04193,37.2891
poicep,-3.54193,37.0391
poicep,-6.29193,36.5391
poicep,-5.62527,36.0391
psieup,4.62473,52.3725
psieup,4.87473,52.3725
psieup,4.95807,52.3725
psieup,4.87473,52.2891
psieup,6.7914,51.2891
psieup,6.62473,51.2058
psieup,6.7914,51.2058
psieup,4.5414,51.1225
psieup,4.37473,51.0391
psieup,4.45807,51.0391
psieup,6.7914,51.0391
psieup,6.95807,51.0391
psieup,4.20807,50.9558
psieup,4.2914,50.9558
psieup,4.37473,50.9558
psieup,4.45807,50.9558
psieup,4.70807,50.9558
psieup,6.95807,50.9558
psieup,4.20807,50.8725
psieup,4.2914,50.8725
psieup,4.37473,50.8725
psieup,4.45807,50.8725
psieup,7.0414,50.8725
psieup,4.20807,50.7891
psieup,4.2914,50.7891
psieup,4.37473,50.7891
psieup,4.45807,50.7891
psieup,4.70807,50.7891
psieup,7.12473,50.7891
psieup,8.20807,50.1225
psieup,8.2914,50.1225
psieup,8.62473,50.1225
psieup,8.20807,50.0391
psieup,8.2914,50.0391
psieup,8.37473,50.0391
psieup,7.95807,49.9558
psieup,8.20807,49.9558
psieup,8.2914,49.9558
psieup,8.37473,49.9558
psieup,8.70807,49.4558
psieup,10.5414,44.9558
psieup,9.0414,44.5391
psieup,11.3747,44.5391
psieup,12.5414,41.8725
psieup,24.5414,35.3725
psikra,-1.7086,55.0391
psikra,-1.62527,55.0391
psikra,-1.62527,54.9558
psikra,-1.2086,54.7058
psikra,-1.12527,54.5391
psikra,-2.7086,54.1225
psikra,-2.9586,53.7058
psikra,-2.2086,53.7058
psikra,-3.04193,53.6225
psikra,-1.29193,53.5391
psikra,-2.29193,53.4558
psikra,-2.2086,53.4558
psikra,-2.12527,53.4558
psikra,-1.4586,53.4558
psikra,-1.29193,53.4558
psikra,-3.12527,53.3725
psikra,-3.04193,53.3725
psikra,-2.9586,53.3725
psikra,-2.87527,53.3725
psikra,-2.79193,53.3725
psikra,-2.62527,53.3725
psikra,-1.62527,53.3725
psikra,-1.4586,53.3725
psikra,-1.29193,53.3725
psikra,-1.2086,53.3725
psikra,-3.2086,53.2891
psikra,-3.04193,53.2891
psikra,-2.54193,53.2891
psikra,-1.4586,53.2891
psikra,-4.2086,53.2058
psikra,-1.37527,52.9558
psikra,-2.87527,52.8725
psikra,4.87473,52.8725
psikra,-2.12527,52.7891
psikra,-1.9586,52.7058
psikra,-1.79193,52.7058
psikra,-1.04193,52.6225
psikra,-1.9586,52.5391
psikra,1.62473,52.5391
psikra,-1.9586,52.4558
psikra,-1.54193,52.4558
psikra,-0.458599,52.4558
psikra,1.62473,52.4558
psikra,1.70807,52.4558
psikra,4.62473,52.4558
psikra,4.87473,52.4558
psikra,4.95807,52.4558
psikra,0.708067,52.3725
psikra,1.45807,52.3725
psikra,1.62473,52.3725
psikra,4.5414,52.3725
psikra,4.62473,52.3725
psikra,4.7914,52.3725
psikra,4.87473,52.3725
psikra,4.95807,52.3725
psikra,-0.875266,52.2891
psikra,-0.791933,52.2891
psikra,-0.708599,52.2891
psikra,0.291401,52.2891
psikra,1.62473,52.2891
psikra,4.5414,52.2891
psikra,4.70807,52.2891
psikra,4.87473,52.2891
psikra,4.95807,52.2891
psikra,5.0414,52.2891
psikra,6.37473,52.2891
psikra,0.541401,52.2058
psikra,1.45807,52.2058
psikra,1.5414,52.2058
psikra,4.45807,52.2058
psikra,4.5414,52.2058
psikra,5.95807,52.2058
psikra,6.0414,52.2058
psikra,6.12473,52.2058
psikra,0.874734,52.1225
psikra,1.45807,52.1225
psikra,1.5414,52.1225
psikra,4.2914,52.1225
psikra,4.37473,52.1225
psikra,4.45807,52.1225
psikra,4.5414,52.1225
psikra,5.12473,52.1225
psikra,-1.12527,52.0391
psikra,-0.791933,52.0391
psikra,-0.708599,52.0391
psikra,0.958067,52.0391
psikra,1.12473,52.0391
psikra,1.20807,52.0391
psikra,1.2914,52.0391
psikra,4.20807,52.0391
psikra,4.2914,52.0391
psikra,4.37473,52.0391
psikra,4.45807,52.0391
psikra,4.5414,52.0391
psikra,5.37473,52.0391
psikra,-0.708599,51.9558
psikra,4.0414,51.9558
psikra,4.12473,51.9558
psikra,4.20807,51.9558
psikra,4.37473,51.9558
psikra,4.45807,51.9558
psikra,4.5414,51.9558
psikra,-1.12527,51.8725
psikra,-0.708599,51.8725
psikra,-0.625266,51.8725
psikra,-0.125266,51.8725
psikra,-0.0419328,51.8725
psikra,0.874734,51.8725
psikra,4.37473,51.8725
psikra,-2.87527,51.7891
psikra,-0.0419328,51.7891
psikra,0.0414006,51.7891
psikra,4.70807,51.7891
psikra,-1.2086,51.7058
psikra,-0.458599,51.7058
psikra,-0.375266,51.7058
psikra,-0.208599,51.7058
psikra,-0.0419328,51.7058
psikra,0.0414006,51.7058
psikra,0.124734,51.7058
psikra,0.208067,51.7058
psikra,7.87473,51.7058
psikra,-3.9586,51.6225
psikra,-2.12527,51.6225
psikra,-0.708599,51.6225
psikra,-0.541933,51.6225
psikra,-0.458599,51.6225
psikra,-0.375266,51.6225
psikra,-0.291933,51.6225
psikra,-0.208599,51.6225
psikra,-0.125266,51.6225
psikra,-0.0419328,51.6225
psikra,0.0414006,51.6225
psikra,0.208067,51.6225
psikra,0.374734,51.6225
psikra,0.458067,51.6225
psikra,-2.62527,51.5391
psikra,-2.54193,51.5391
psikra,-2.4586,51.5391
psikra,-1.62527,51.5391
psikra,-0.875266,51.5391
psikra,-0.791933,51.5391
psikra,-0.708599,51.5391
psikra,-0.625266,51.5391
psikra,-0.541933,51.5391
psikra,-0.458599,51.5391
psikra,-0.375266,51.5391
psikra,-0.291933,51.5391
psikra,-0.208599,51.5391
psikra,-0.125266,51.5391
psikra,-0.0419328,51.5391
psikra,0.0414006,51.5391
psikra,0.124734,51.5391
psikra,0.208067,51.5391
psikra,0.291401,51.5391
psikra,-3.2086,51.4558
psikra,-2.62527,51.4558
psikra,-2.54193,51.4558
psikra,-2.04193,51.4558
psikra,-0.875266,51.4558
psikra,-0.791933,51.4558
psikra,-0.708599,51.4558
psikra,-0.625266,51.4558
psikra,-0.541933,51.4558
psikra,-0.458599,51.4558
psikra,-0.375266,51.4558
psikra,-0.291933,51.4558
psikra,-0.208599,51.4558
psikra,-0.125266,51.4558
psikra,-0.0419328,51.4558
psikra,0.0414006,51.4558
psikra,0.124734,51.4558
psikra,0.208067,51.4558
psikra,0.291401,51.4558
psikra,0.708067,51.4558
psikra,5.37473,51.4558
psikra,-2.37527,51.3725
psikra,-2.29193,51.3725
psikra,-0.708599,51.3725
psikra,-0.625266,51.3725
psikra,-0.541933,51.3725
psikra,-0.458599,51.3725
psikra,-0.375266,51.3725
psikra,-0.291933,51.3725
psikra,-0.208599,51.3725
psikra,-0.125266,51.3725
psikra,-0.0419328,51.3725
psikra,0.0414006,51.3725
psikra,0.124734,51.3725
psikra,0.208067,51.3725
psikra,0.291401,51.3725
psikra,0.374734,51.3725
psikra,0.541401,51.3725
psikra,1.20807,51.3725
psikra,1.2914,51.3725
psikra,6.62473,51.3725
psikra,6.7914,51.3725
psikra,-0.708599,51.2891
psikra,-0.625266,51.2891
psikra,-0.541933,51.2891
psikra,-0.458599,51.2891
psikra,-0.375266,51.2891
psikra,-0.291933,51.2891
psikra,-0.208599,51.2891
psikra,-0.125266,51.2891
psikra,-0.0419328,51.2891
psikra,0.0414006,51.2891
psikra,0.124734,51.2891
psikra,0.208067,51.2891
psikra,1.0414,51.2891
psikra,1.12473,51.2891
psikra,1.20807,51.2891
psikra,1.2914,51.2891
psikra,4.37473,51.2891
psikra,4.45807,51.2891
psikra,6.70807,51.2891
psikra,6.7914,51.2891
psikra,-0.458599,51.2058
psikra,-0.375266,51.2058
psikra,-0.291933,51.2058
psikra,-0.208599,51.2058
psikra,-0.125266,51.2058
psikra,-0.0419328,51.2058
psikra,0.0414006,51.2058
psikra,1.2914,51.2058
psikra,1.37473,51.2058
psikra,4.37473,51.2058
psikra,4.45807,51.2058
psikra,4.70807,51.2058
psikra,6.70807,51.2058
psikra,6.7914,51.2058
psikra,6.87473,51.2058
psikra,-0.375266,51.1225
psikra,-0.125266,51.1225
psikra,1.2914,51.1225
psikra,4.37473,51.1225
psikra,6.62473,51.1225
psikra,6.70807,51.1225
psikra,6.7914,51.1225
psikra,6.87473,51.1225
psikra,-2.2086,51.0391
psikra,4.12473,51.0391
psikra,4.45807,51.0391
psikra,4.5414,51.0391
psikra,6.95807,51.0391
psikra,7.0414,51.0391
psikra,-0.458599,50.9558
psikra,-0.125266,50.9558
psikra,3.20807,50.9558
psikra,4.12473,50.9558
psikra,4.20807,50.9558
psikra,4.2914,50.9558
psikra,4.45807,50.9558
psikra,4.95807,50.9558
psikra,5.0414,50.9558
psikra,6.7914,50.9558
psikra,6.87473,50.9558
psikra,6.95807,50.9558
psikra,7.0414,50.9558
psikra,-0.958599,50.8725
psikra,-0.541933,50.8725
psikra,-0.458599,50.8725
psikra,-0.208599,50.8725
psikra,-0.125266,50.8725
psikra,4.0414,50.8725
psikra,4.12473,50.8725
psikra,4.20807,50.8725
psikra,4.2914,50.8725
psikra,4.37473,50.8725
psikra,4.45807,50.8725
psikra,4.62473,50.8725
psikra,4.70807,50.8725
psikra,4.87473,50.8725
psikra,6.87473,50.8725
psikra,6.95807,50.8725
psikra,7.0414,50.8725
psikra,0.291401,50.7891
psikra,4.0414,50.7891
psikra,4.20807,50.7891
psikra,4.45807,50.7891
psikra,4.5414,50.7891
psikra,4.62473,50.7891
psikra,6.87473,50.7891
psikra,7.0414,50.7891
psikra,7.12473,50.7891
psikra,7.20807,50.7891
psikra,4.2914,50.7058
psikra,4.37473,50.7058
psikra,7.0414,50.7058
psikra,7.12473,50.7058
psikra,7.20807,50.7058
psikra,-2.04193,50.6225
psikra,3.12473,50.6225
psikra,4.5414,50.6225
psikra,8.20807,50.1225
psikra,8.2914,50.1225
psikra,8.62473,50.1225
psikra,8.0414,50.0391
psikra,8.20807,50.0391
psikra,8.2914,50.0391
psikra,8.37473,50.0391
psikra,8.20807,49.9558
psikra,8.2914,49.9558
psikra,8.2914,49.6225
psikra,8.37473,49.6225
psikra,8.37473,49.5391
psikra,8.45807,49.5391
psikra,8.62473,49.5391
psikra,8.45807,49.4558
psikra,8.5414,49.4558
psikra,8.62473,49.4558
psikra,8.70807,49.4558
psikra,8.5414,49.3725
psikra,8.62473,49.3725
psikra,8.70807,49.3725
psikra,8.87473,49.3725
psikra,8.45807,49.2891
psikra,8.70807,49.2891
psikra,8.7914,49.2891
psikra,2.70807,49.2058
psikra,2.37473,49.1225
psikra,2.45807,49.1225
psikra,2.37473,49.0391
psikra,2.45807,49.0391
psikra,2.5414,49.0391
psikra,2.37473,48.9558
psikra,2.45807,48.9558
psikra,2.5414,48.9558
psikra,2.12473,48.8725
psikra,2.20807,48.8725
psikra,2.37473,48.8725
psikra,2.45807,48.8725
psikra,2.5414,48.8725
psikra,2.62473,48.8725
psikra,2.70807,48.8725
psikra,2.12473,48.7891
psikra,2.20807,48.7891
psikra,2.2914,48.7891
psikra,2.37473,48.7891
psikra,2.20807,48.7058
psikra,2.2914,48.7058
psikra,2.37473,48.7058
psikra,2.45807,48.7058
psikra,6.20807,48.7058
psikra,2.20807,48.6225
psikra,2.2914,48.6225
psikra,2.0414,48.5391
psikra,7.37473,47.7891
psikra,13.3747,46.0391
psikra,9.20807,45.4558
psikra,9.12473,45.2058
psikra,-1.12527,44.7891
psikra,11.4581,44.5391
psikra,11.5414,44.5391
psikra,8.87473,44.4558
psikra,8.95807,44.4558
psikra,26.1247,44.3725
psikra,10.2081,43.9558
psikra,4.45807,43.7058
psikra,-5.87527,43.6225
psikra,1.45807,43.6225
psikra,3.87473,43.6225
psikra,6.95807,43.6225
psikra,7.0414,43.6225
psikra,-7.04193,43.5391
psikra,-6.9586,43.5391
psikra,-5.9586,43.5391
psikra,-5.62527,43.5391
psikra,5.45807,43.5391
psikra,-5.87527,43.3725
psikra,-4.62527,43.3725
psikra,-4.54193,43.3725
psikra,-1.7086,43.3725
psikra,5.37473,43.3725
psikra,6.70807,43.3725
psikra,-8.37527,43.2891
psikra,5.37473,43.2891
psikra,5.45807,43.2891
psikra,5.5414,43.2058
psikra,10.5414,42.9558
psikra,-1.62527,42.7891
psikra,-8.9586,42.6225
psikra,-6.79193,42.5391
psikra,-2.4586,42.5391
psikra,-8.62527,42.4558
psikra,-2.4586,42.4558
psikra,-8.7086,42.3725
psikra,-7.87527,42.3725
psikra,-2.4586,42.3725
psikra,2.95807,42.2891
psikra,3.12473,42.2891
psikra,12.2914,42.2891
psikra,-8.7086,42.2058
psikra,-8.7086,42.1225
psikra,-8.4586,42.1225
psikra,1.5414,41.9558
psikra,2.7914,41.9558
psikra,12.4581,41.9558
psikra,12.5414,41.9558
psikra,2.87473,41.8725
psikra,3.0414,41.8725
psikra,12.4581,41.8725
psikra,12.5414,41.8725
psikra,-0.875266,41.7058
psikra,2.70807,41.7058
psikra,2.7914,41.7058
psikra,12.6247,41.7058
psikra,-4.7086,41.6225
psikra,2.20807,41.6225
psikra,2.45807,41.6225
psikra,-5.7086,41.5391
psikra,2.12473,41.5391
psikra,2.20807,41.5391
psikra,2.37473,41.5391
psikra,2.12473,41.4558
psikra,2.20807,41.4558
psikra,1.95807,41.3725
psikra,2.0414,41.3725
psikra,2.12473,41.3725
psikra,1.70807,41.2891
psikra,1.7914,41.2891
psikra,1.87473,41.2891
psikra,1.95807,41.2891
psikra,2.0414,41.2891
psikra,1.37473,41.2058
psikra,1.12473,41.1225
psikra,0.958067,41.0391
psikra,14.3747,41.0391
psikra,-5.7086,40.9558
psikra,-5.62527,40.9558
psikra,0.708067,40.8725
psikra,14.3747,40.7891
psikra,22.9581,40.6225
psikra,-3.87527,40.5391
psikra,-3.7086,40.5391
psikra,-8.7086,40.4558
psikra,-3.79193,40.4558
psikra,-3.7086,40.4558
psikra,-3.62527,40.4558
psikra,-3.54193,40.4558
psikra,-3.37527,40.4558
psikra,0.374734,40.4558
psikra,-3.79193,40.3725
psikra,-3.7086,40.3725
psikra,-3.62527,40.3725
psikra,-3.54193,40.3725
psikra,0.374734,40.3725
psikra,-3.79193,40.2891
psikra,-3.62527,40.2891
psikra,-3.54193,40.2891
psikra,0.208067,40.2058
psikra,-3.2086,40.1225
psikra,-0.0419328,40.0391
psikra,0.0414006,40.0391
psikra,-4.04193,39.9558
psikra,-3.9586,39.9558
psikra,-0.125266,39.9558
psikra,-0.0419328,39.9558
psikra,-5.54193,39.8725
psikra,-4.7086,39.8725
psikra,-0.125266,39.8725
psikra,3.0414,39.8725
psikra,3.0414,39.7891
psikra,-0.291933,39.7058
psikra,-0.375266,39.6225
psikra,-0.291933,39.6225
psikra,2.62473,39.6225
psikra,2.70807,39.6225
psikra,-0.458599,39.5391
psikra,-0.375266,39.5391
psikra,2.70807,39.5391
psikra,-1.29193,39.4558
psikra,-0.375266,39.4558
psikra,-0.541933,39.3725
psikra,-0.458599,39.3725
psikra,-0.375266,39.3725
psikra,-1.87527,38.8725
psikra,-9.2086,38.7891
psikra,-9.12527,38.7891
psikra,-9.4586,38.7058
psikra,-9.29193,38.7058
psikra,-9.2086,38.7058
psikra,-3.37527,38.7058
psikra,-9.2086,38.6225
psikra,-0.541933,38.5391
psikra,-0.458599,38.3725
psikra,-0.708599,38.2891
psikra,15.5414,38.2891
psikra,23.7914,38.2891
psikra,-0.625266,38.2058
psikra,-0.791933,38.1225
psikra,13.3747,38.1225
psikra,23.7081,38.0391
psikra,23.7914,38.0391
psikra,23.8747,38.0391
psikra,23.7081,37.9558
psikra,23.9581,37.9558
psikra,23.7914,37.8725
psikra,-0.875266,37.7891
psikra,-1.04193,37.6225
psikra,-0.958599,37.6225
psikra,-5.62527,37.5391
psikra,-5.9586,37.4558
psikra,-6.29193,37.3725
psikra,-6.04193,37.3725
psikra,-5.9586,37.3725
psikra,-5.87527,37.3725
psikra,-5.2086,37.3725
psikra,-5.9586,37.2891
psikra,-5.87527,37.2891
psikra,-8.62527,37.2058
psikra,-3.62527,37.2058
psikra,-5.4586,37.1225
psikra,-3.62527,37.1225
psikra,15.2914,37.0391
psikra,-5.12527,36.8725
psikra,-2.4586,36.8725
psikra,-4.37527,36.7891
psikra,-4.04193,36.7891
psikra,-3.7086,36.7891
psikra,-3.62527,36.7891
psikra,-2.62527,36.7891
psikra,-4.54193,36.7058
psikra,-4.4586,36.7058
psikra,-4.54193,36.6225
psikra,-6.29193,36.5391
psikra,-4.9586,36.5391
psikra,-4.7086,36.5391
psikra,-4.62527,36.5391
psikra,-5.29193,36.4558
psikra,-5.2086,36.4558
psikra,-5.29193,36.3725
psikra,-5.29193,36.2891
psikra,-5.37527,36.2058
syrrev,-2.54193,57.6225
syrrev,-2.62527,57.5391
syrrev,-4.87527,57.2891
syrrev,-4.4586,57.2891
syrrev,-3.79193,57.2891
syrrev,-3.9586,54.9558
syrrev,-2.7086,54.1225
syrrev,-2.12527,53.0391
syrrev,0.708067,52.6225
syrrev,1.2914,52.5391
syrrev,-2.37527,52.4558
syrrev,-0.458599,52.4558
syrrev,1.62473,52.4558
syrrev,1.70807,52.4558
syrrev,0.791401,52.3725
syrrev,0.874734,52.3725
syrrev,0.708067,52.2891
syrrev,0.791401,52.2891
syrrev,0.874734,52.2891
syrrev,0.541401,52.2058
syrrev,0.708067,52.2058
syrrev,0.791401,52.1225
syrrev,1.45807,52.1225
syrrev,1.0414,52.0391
syrrev,-3.29193,51.9558
syrrev,-0.625266,51.9558
syrrev,-0.625266,51.7891
syrrev,-2.4586,51.6225
syrrev,-1.87527,51.4558
syrrev,-1.87527,51.2058
syrrev,-3.2086,51.0391
syrrev,0.458067,51.0391
syrrev,1.95807,50.9558
syrrev,1.87473,50.8725
syrrev,2.0414,50.8725
syrrev,2.20807,50.8725
syrrev,2.37473,50.7891
syrrev,2.7914,50.7891
syrrev,1.62473,50.6225
syrrev,3.0414,50.5391
syrrev,3.0414,50.4558
syrrev,3.45807,50.3725
syrrev,1.5414,50.2891
syrrev,3.7914,50.2891
syrrev,2.20807,50.1225
syrrev,2.37473,50.1225
syrrev,3.7914,50.1225
syrrev,4.0414,50.1225
syrrev,2.5414,50.0391
syrrev,2.62473,50.0391
syrrev,2.7914,50.0391
syrrev,3.62473,50.0391
syrrev,1.2914,49.9558
syrrev,2.5414,49.9558
syrrev,2.95807,49.9558
syrrev,3.37473,49.9558
syrrev,3.45807,49.9558
syrrev,4.20807,49.9558
syrrev,2.20807,49.8725
syrrev,2.5414,49.8725
syrrev,0.958067,49.7891
syrrev,1.5414,49.7891
syrrev,2.12473,49.7891
syrrev,2.20807,49.7891
syrrev,2.37473,49.7891
syrrev,3.62473,49.7891
syrrev,0.708067,49.7058
syrrev,1.95807,49.7058
syrrev,2.37473,49.7058
syrrev,3.20807,49.7058
syrrev,1.2914,49.6225
syrrev,2.7914,49.6225
syrrev,3.0414,49.6225
syrrev,3.45807,49.6225
syrrev,1.2914,49.5391
syrrev,2.62473,49.5391
syrrev,3.7914,49.5391
syrrev,0.458067,49.4558
syrrev,1.95807,49.4558
syrrev,2.37473,49.4558
syrrev,2.62473,49.4558
syrrev,0.874734,49.3725
syrrev,2.20807,49.3725
syrrev,2.62473,49.3725
syrrev,3.62473,49.3725
syrrev,17.3747,49.3725
syrrev,1.0414,49.2891
syrrev,17.5414,49.2891
syrrev,1.2914,49.2058
syrrev,2.37473,49.2058
syrrev,2.7914,49.2058
syrrev,3.0414,49.2058
syrrev,3.45807,49.2058
syrrev,0.874734,49.0391
syrrev,1.5414,49.0391
syrrev,1.70807,49.0391
syrrev,2.62473,49.0391
syrrev,3.0414,49.0391
syrrev,3.37473,49.0391
syrrev,3.20807,48.9558
syrrev,3.37473,48.9558
syrrev,0.0414006,48.8725
syrrev,2.62473,48.8725
syrrev,2.70807,48.8725
syrrev,3.0414,48.8725
syrrev,3.45807,48.8725
syrrev,5.37473,48.8725
syrrev,1.70807,48.7891
syrrev,0.0414006,48.7058
syrrev,1.70807,48.7058
syrrev,1.87473,48.7058
syrrev,1.95807,48.7058
syrrev,2.62473,48.7058
syrrev,3.0414,48.7058
syrrev,4.87473,48.7058
syrrev,5.95807,48.7058
syrrev,1.70807,48.6225
syrrev,1.87473,48.6225
syrrev,1.95807,48.6225
syrrev,2.95807,48.6225
syrrev,1.20807,48.5391
syrrev,1.95807,48.5391
syrrev,2.62473,48.5391
syrrev,2.95807,48.5391
syrrev,3.0414,48.5391
syrrev,4.95807,48.5391
syrrev,1.95807,48.4558
syrrev,2.62473,48.4558
syrrev,2.95807,48.4558
syrrev,3.0414,48.4558
syrrev,3.12473,48.4558
syrrev,1.2914,48.3725
syrrev,2.2914,48.3725
syrrev,2.37473,48.3725
syrrev,2.5414,48.3725
syrrev,2.62473,48.3725
syrrev,2.70807,48.3725
syrrev,2.7914,48.3725
syrrev,3.0414,48.3725
syrrev,3.45807,48.3725
syrrev,-0.541933,48.2891
syrrev,-0.458599,48.2891
syrrev,1.0414,48.2891
syrrev,1.62473,48.2891
syrrev,-0.541933,48.2058
syrrev,-0.458599,48.2058
syrrev,1.45807,48.2058
syrrev,1.62473,48.2058
syrrev,3.0414,48.2058
syrrev,3.70807,48.2058
syrrev,-1.12527,48.1225
syrrev,-0.541933,48.1225
syrrev,1.20807,48.1225
syrrev,1.2914,48.1225
syrrev,1.45807,48.1225
syrrev,3.70807,48.1225
syrrev,-0.541933,48.0391
syrrev,1.20807,48.0391
syrrev,1.2914,48.0391
syrrev,1.62473,48.0391
syrrev,-0.291933,47.9558
syrrev,0.958067,47.9558
syrrev,1.0414,47.9558
syrrev,1.2914,47.9558
syrrev,2.7914,47.9558
syrrev,3.0414,47.9558
syrrev,0.958067,47.8725
syrrev,1.20807,47.8725
syrrev,0.958067,47.7891
syrrev,1.20807,47.7891
syrrev,2.7914,47.7891
syrrev,3.0414,47.7891
syrrev,7.37473,47.7891
syrrev,0.958067,47.7058
syrrev,2.12473,47.7058
syrrev,2.2914,47.7058
syrrev,2.37473,47.7058
syrrev,-0.958599,47.6225
syrrev,0.541401,47.6225
syrrev,1.0414,47.6225
syrrev,1.62473,47.6225
syrrev,1.87473,47.6225
syrrev,2.0414,47.6225
syrrev,2.12473,47.6225
syrrev,1.87473,47.5391
syrrev,0.874734,47.4558
syrrev,1.20807,47.4558
syrrev,1.45807,47.4558
syrrev,1.62473,47.4558
syrrev,1.87473,47.4558
syrrev,-0.791933,47.3725
syrrev,-0.708599,47.3725
syrrev,-0.625266,47.3725
syrrev,1.70807,47.3725
syrrev,1.87473,47.2891
syrrev,-0.208599,47.2058
syrrev,1.37473,47.2058
syrrev,1.37473,47.1225
syrrev,-0.625266,47.0391
syrrev,-0.458599,47.0391
syrrev,0.208067,47.0391
syrrev,1.95807,47.0391
syrrev,2.0414,47.0391
syrrev,-1.04193,46.9558
syrrev,0.208067,46.8725
syrrev,5.20807,46.8725
syrrev,3.20807,46.6225
syrrev,3.2914,46.6225
syrrev,0.458067,46.5391
syrrev,2.70807,46.5391
syrrev,3.0414,46.5391
syrrev,3.2914,46.5391
syrrev,0.624734,46.3725
syrrev,0.874734,46.3725
syrrev,3.45807,46.3725
syrrev,3.2914,46.1225
syrrev,5.12473,46.0391
syrrev,5.2914,45.9558
syrrev,3.0414,45.7891
syrrev,5.5414,45.7891
syrrev,5.7914,45.7891
syrrev,4.20807,45.7058
syrrev,-1.12527,45.2058
syrrev,-0.458599,44.5391
syrrev,1.5414,44.0391
syrrev,5.7914,43.6225
syrrev,5.0414,43.5391
syrrev,2.20807,42.8725
vidmac,-8.7086,41.6225
vidmac,-8.37527,41.6225
vidmac,-8.29193,41.4558
vidmac,-8.54193,41.3725
vidmac,-8.62527,40.9558
vidmac,-8.62527,40.7058
vidmac,-8.54193,40.7058
vidmac,-8.62527,40.6225
vidmac,-8.54193,40.6225
vidmac,-8.7086,40.5391
vidmac,-8.79193,40.4558
vidmac,-8.79193,40.2891
vidmac,-8.7086,40.2058
vidmac,-8.54193,40.2058
vidmac,-8.4586,40.2058
vidmac,-8.87527,39.8725
vidmac,-8.54193,39.4558
vidmac,-8.4586,39.4558
vidmac,-8.54193,39.3725
vidmac,-8.4586,39.3725
vidmac,-8.54193,39.2891
vidmac,-8.62527,39.2058
vidmac,-8.62527,39.1225
vidmac,-8.87527,39.0391
vidmac,-8.37527,39.0391
vidmac,-8.29193,39.0391
vidmac,-8.37527,38.9558
vidmac,-8.29193,38.9558
vidmac,-8.12527,38.9558
vidmac,-8.9586,38.8725
vidmac,-9.12527,38.7891
vidmac,-8.9586,38.7058
vidmac,-8.87527,38.7058
vidmac,-8.04193,37.0391
agafis,7.0414,43.6225
psikra,7.0414,43.6225
